texto_diario,emocion_principal,label
i am determined to lose weight the healthy way work harder in school be a better friend speak freely of how i feel be truthful with some people and get more sleep,joy,0
im feeling pretty rebellious right now because im writing this is my engineering class,anger,3
i must really be feeling brave because this thrifted outfit is a swimsuit,joy,0
i didn t want to feel foolish ridiculous embarrassed and self conscious,sadness,1
i cross the finish line i want to feel exhausted and alive at the exact same time,sadness,1
i said well we can but i m feeling greedy with your time,anger,3
i love the snow lol it just makes everything feel so tranquil,joy,0
im feeling more outgoing and happy since being off the medication,joy,0
i go to bed feeling triumphant,joy,0
when i heard about the way a parent of a friend had mistreated him,anger,3
i feel the tingle in my stomach and the pleasant fullness of satisfaction,joy,0
i would put them and their feelings before mine which is why i said it is mad,anger,3
ive found my interest in s u waning and ive even come away from some portrayals of their relationship feeling dissatisfied,anger,3
i began training in january or at least mentally preparing myself to train and can remember specifically feeling apprehensive about the running a spring marathon,fear,2
i dont have a solid reason for beginning self harm it was a number of things really but i just had these feelings of being worthless that no one would ever like me that i was ugly that i didnt fit in that i was horrible,sadness,1
i am so connected with families that are not my own and i love them so much and so i feel blessed to find a family to be connected with on so many different levels,joy,0
i feel like this shows the change that many countries have taken and that many countries are on the way to making this decision that includes supporting and increasing women in all areas of life,joy,0
i get giddy over feeling elegant in a perfectly fitted pencil skirt,joy,0
i know it was not pleasant for her and i feel selfish saying it but i think i would have fallen apart if i had been there,anger,3
i mean my feelings are always sincere i just think part of me tends to repress certain things in order to somehow lessen the blow that will eventually hit when the relationship ends,joy,0
i didn t feel like there was something i missed and i take back all the things i said to make you feel like that and i just wish that i didn t feel like there was something i missed and i take back all the things that i said to you,sadness,1
i just feel so irritable which i guess is a classic symptom of depression,anger,3
i struggled with feelings of guilt as i took very gentle care of myself during my recovery and sometimes even now,love,4
i feel even more empty,sadness,1
i feel he does appear friendly but to continue looking at his face his eyes i feel they look sinister,joy,0
i know this is love and i feel it there i whisper something so sincere exactly what you want to hear,joy,0
i started feeling overly lethargic my whole body feels like lead,sadness,1
my roommates lack of consideration of me,anger,3
i want to get up in the mornings feeling excited about going to work instead of wanting to hit the snooze button,joy,0
i am supposed to go about being strong when i feel so inhibited,sadness,1
i started to feel butterflies in my stomach and my body starting to get hot,love,4
i can however tell you that it will hurt you will be humiliated and you will feel wonderful afterwards,joy,0
ill be happy to take his money when ever he is feeling generous enough to part with it,love,4
i wonder if mind readers draw a blank when they get around stupid people and when stupid people leave a room does it feel like somebody smart just walked in,joy,0
im feeling especially honored as my picks feature alongside some of my favorite designers like diane von furstenberg rodarte and jason wu,joy,0
im feeling really adventurous maybe white,joy,0
i still wake up every morning feeling so blessed to be here and unable to believe im lucky enough to be able to call this amazing family mine for life,joy,0
i can tell you exactly what is wrong at this very moment this very second i grieve for my son i miss my son i feel as though i am being punished and living in a hell at times,sadness,1
i feel weepy a lot,sadness,1
i feel this perverse pleasure in knowing how were so much the opposite of everything youre supposed to do,sadness,1
i wonder does anyone ever feel particularly inspired or moved watching question time these days,joy,0
i want to feel like i m reading something worthwhile,joy,0
i feel acclimated like i am finally a part of this organization rather than a timid observer,fear,2
i want to stop taking it one day but also feel terrified that lots of feelings of anxiety panic will come flooding back,fear,2
i don t know if i should be feeling this way because it would seem greedy and not nice to expect someone to splurge on the spur of the moment just because i asked,anger,3
i feel slightly disturbed by the whole thing,sadness,1
i feel lame i cant help but to shake the fear and i feel like im failing samuel by being afraid,sadness,1
i can feel the amused smile that tugs at my lips,joy,0
i feel pretty content i feel pretty content,joy,0
ive been more intensely feeling unloved,sadness,1
i mane is feeling generous and releases his new lp diary of a trap god for free,joy,0
i feel hateful of myself for being alone,anger,3
i finish my lesson although very happy that it is over i feel good i feel that it was worth it,joy,0
i am sure that if another group came along that made her feel less like pluto and more like the sun that she would shift her own focus to where her input was valued,joy,0
i can feel the hesitation the temptation to pull back and dull the activities of the season out of habit,sadness,1
is that you feel it more than hear it and the vibrations are so gentle that it doesnt bother me,love,4
i am sitting here today feeling just miserable,sadness,1
i guess she was feeling pretty hesitant,fear,2
i was feeling disheartened so i turned on the radio hoping music would lift my spirits,sadness,1
i think i feel the coldness more compare to other people who can withstand low temperature,sadness,1
i feel pretty content hour ago,joy,0
i was so traumatised by the pestilence that i was feeling quite delicate and couldnt cook so we had to buy expensive and unhealthy convenience foods from the supermarket in order to avoid starvation,love,4
i seem to be feeling a little less anxious this week but i sure wish that i could check on her every week at the doctor instead of the that are scheduled,fear,2
i have a feeling that will never happen and that feeling is reassured with every kiss its still something that is always in the back of my mind that i just cant seem to shake,joy,0
i feel like a dangerous animal as i prowl out of the jungle and onto the warm sand of this deserted island,anger,3
i wish i have the feeling back soon cause now i realise how lonely when i dont have the feeling its like soo unwanted even when i am not,sadness,1
im beginning to feel listless and a bit lonely,sadness,1
i feel as though this class will still be useful because in the end when owning a business you have to spread the word of what your business is about and trying to sell or get done,joy,0
i find consolation in the beauty of small things but sometimes its just not enough and i feel stupid for trying,sadness,1
im feeling cranky,anger,3
i feel totally ungrateful and extremely lucky,sadness,1
i am feeling a tad smug right now,joy,0
i remember the very first day of feeling lousy years ago and how i believed my body was betraying me,sadness,1
i feel that gulam ali is even more talented than many other classical singers,joy,0
i was feeling out of sorts anxious not sure what to do with myself,fear,2
i cant blame anything or anyone but myself and ive spent the day feeling miserable crying again whenever i remember realizing it was all my fault,sadness,1
im still not sure why reilly feels the need to be so weird,surprise,5
i feel like the awkward year old i was and some days i really feel like a grown up,sadness,1
i feel superior because i actually know who their president is,joy,0
i feel like there is a violent war going on in my stomach,anger,3
i remember feeling so lonely as a child in my room even though i had a lot of toys to keep me occupied,sadness,1
i was grateful for each and every one but it still made me feel funny,surprise,5
i was told it would make my arms go numb but i didnt feel anything numb about it as they pricked my arm with their so called baby iv,sadness,1
i didnt feel surprised i didnt feel upset i didnt feel angry i didnt feel anything,surprise,5
i think the energy in our jobs and in our writing should not always be spent on what we think will sell but rather on our pet projects we truly feel invigorated about,joy,0
i would add when i m feeling optimistic but a perfectly average person,joy,0
i have a sense of faith and it is only such that perhaps i am not as foolish as i feel and that someday i can have their sincere friendship unmitigated by distance that i can love them as much as i do and not have to worry that i am failing simply in that act alone,joy,0
when the paramilitary was sent to the unza and it started using tear gas and started intimidating the students without any provocation,anger,3
i feel terrible no one want to listen to me either,sadness,1
i dont know how to explain to you all the emotions that i felt at that moment but i can assure you of one thing i didnt have to convince myself to feel passionate about dominican republic,love,4
i would set out in a sunny temper and generally feeling benevolent to all road users then every morning at approximately,joy,0
i feel nostalgic for old books which i often reread,love,4
i think that a lot of times what women perceive as a problem with their husband is actually a symptom of the fact that and yes im about to bust out a generalization so feel free to tell me how your case is different men are problem solvers,joy,0
i can cry and feel bad without an explanation at all,sadness,1
i honestly feel rejected,sadness,1
i volunteer at bard and always feel respected,joy,0
i am happy with the news comeback i am feeling agitated with some fangirls,anger,3
i do feel the need for a little break however like you and for something lovely and quiet,love,4
i execute the trick and work my dishwasher magic i feel so clever,joy,0
i just feel overwhelmed thinking about it,surprise,5
i get the feeling were being tortured,anger,3
i packed this time around feeling apprehensive about this challenging season and happy to decompress for a few days at my dads before coming home,fear,2
i care very little about impressing people unless its a person who i feel deserves being impressed,surprise,5
i arabia indigenous believers in christ often feel isolated and alone,sadness,1
i was okay but thats an awful feeling to be falling with no way to stop it maybe thats why to this day im so afraid of falling,fear,2
i feel guilty that he had to drop everything just to take care of me,sadness,1
i feel like i need to cry these past few days and it relieved me that i could cry that much of tears today haha,joy,0
i mean not one i feel that it is my duty to help all of our loyal readers of hb understand the world that is going on around them,love,4
a boyfriend with whom i split up with came over to a friends house where i was visiting with a male friend in a confrontation in another room he tried to find out if i was aroused by my friend by feeling my parts,anger,3
hearing about developments of sience in the west a lot better than china,sadness,1
i feel too smugly virtuous about re using old textiles to feel bad about a few extra seams in a thing,joy,0
im particularly feeling pressured to act and behave in ways that are culturally accepted and expected of me,fear,2
i want to shout say something dont just smile all the time touch me so i can feel that delicious feeling inside,joy,0
i read the ny times i feel very inadequate,sadness,1
i predict that i have and what it takes to deal with a situation i feel safe,joy,0
i asked that no one gift me but if i go to my sister s house when everyone gathers for the holiday i will feel impolite to show up empty handed,anger,3
i feel like number is the most important going forward because i felt the change in my confidence and mojo as soon as i hit the s,joy,0
i feel passionate about,love,4
i feel a little overwhelmed,fear,2
i was beginning to feel fear nevertheless a stubborn person i am i swept the superstition away but i reminded myself to pay extra caution,anger,3
i made sure to go all out for him since i was feeling him and i liked how we complimented each other,love,4
i died would alex and matt feel regretful for not coming to visit,sadness,1
i feel just as gloomy about it at the age of as i did when i was,sadness,1
i then had my watch from am this morning but was feeling just fine so did an additional hour so my dad could rest a little longer,joy,0
i feel distraught worried panicked sick scared sad,fear,2
i hope you are all feeling glamorous today,joy,0
i feel a little sad about it but christmas is hardly on,sadness,1
i feel agitated,anger,3
i feel like life is too good to be true,joy,0
i still feel sleep deprived she is almost sleeping through the night giving us,sadness,1
i am feeling really weepy today i am sure i will feel better tomorrow xxx,sadness,1
i feel like these words from today s passage send the church of today a warning just as much as jesus was sending his beloved disciples a warning,joy,0
i crossed the line targeting the developer more than the game and hurting feelings that didn t need to be hurt,sadness,1
i was still feeling crappy but hoped it was just due to the flight and stuff so we cleaned ourselves up and i put on my sassy city girl outfit which was my perfect city dress with city walking shoes,sadness,1
i feel as a child innocent feelings illustrating a,joy,0
im feeling less generous i call her psychotic,love,4
i see anything that would cause me to feel fearful or distrustful of him,fear,2
i have for myself even when i m feeling crappy,sadness,1
i changed i feel that im taking advantage of her this wouldnt have bothered me one bit before,anger,3
i have a feeling david is going to turn out to be a terrific father hes already exposing his newborn son to the world of the geek,joy,0
i suppose it s partly my fault for forgetting my earplugs but it s still really frustrating to feel like you re being permanently damaged for no apparent reason,sadness,1
my girlfriend who had spent months abroad broke off our relationship by letter,sadness,1
i entered a depression feeling helpless hopeless and adrift betrayed disillusioned and wondering who i could trust,sadness,1
i inadvertently helped with a joke that hurt a classmates feelings and embarrassed her beyond all reason,sadness,1
i feel will be warmly welcomed on any floor,joy,0
i realised something was wrong when i started to feel everyone hated me and was saying things about me and only wanted to talk to me because they pitied me,anger,3
i didnt want to be lazy or feel groggy so i just kept drinking red bull,sadness,1
im sitting on the couch thinking about how miserable i feel from indulging in too much delicious food,joy,0
i understand that students must pass the mcas and fulfill other tasks but as idealized in freedom writers students will respond better learn and understand faster if they feel respected and valued and if they are excited about their education,joy,0
i looked down and feasted on the view of my own legs and knees and memorized the feel of the cars gentle rocking,love,4
i have a heart to serve to better their situation but in that moment i feel so helpless,fear,2
i don t feel like creating another religion that will cause trouble to the troubled souls of many,sadness,1
ive worked plenty of them and have yet to find one that leaves me feeling satisfied with the way ive spent another day that i will never get back,joy,0
i come home from work too often feeling irritable and it s not fair or loving to dump all that ugliness onto my husband,anger,3
i feel like thats a pretty petty thing to complain about,anger,3
i read premonition i had this rare feeling that i was caught by how dewi lestari plays with metaphors crazily in her charming words,joy,0
i cant help but also feel incredibly lucky over how it all went down and the community around us,joy,0
im so stoned on endorphin that all i can feel is my leg muscles seizing into petrified meat,fear,2
i had a dream in which i was infuriated with my husband and so i woke up feeling infuriated with him but unfortunately a i couldnt remember the substance of the dream so i couldnt adequately express myself and b it was just a stupid dream,anger,3
i feel perfect except for the constant exhaustion,joy,0
i feel lame even saying it,sadness,1
i was joking around and feeling good and the next hour i would feel horrible,joy,0
i was feeling the shake shack love this day i guess because i look like a hamburger with dirty clothes and hair because my luggage hadnt come yet,sadness,1
i read in one horrific sitting made me feel ashamed of the world we live in,sadness,1
i find myself feeling happy more and more and it feels so very good,joy,0
i have gradually morphed into someone who feels superior when other peoples kids complain about dinner or dont want to eat their zucchini or are allowed to eat pop tarts or sugary cereal or white bread for breakfast,joy,0
i feel i am completely dissatisfied with the whole world and all human characters are inconsistent,anger,3
i feel like a blank canvas i have no clue what i am doing right now,sadness,1
i think it affects me so much because it results back to one of my biggest flaws which is not feeling enough pretty enough smart enough you name it,joy,0
i want to hold this feeling of shocked awe and wonder forever,surprise,5
i may feel uncomfortable or just want to give up,fear,2
i want you to feel my awe and astonishment at this amazing thing that is happening,joy,0
i wasnt going to make this about what i cant eat and feel like i was suffering or giving anything up i was going to make this about what i was going to gain and what i could eat,sadness,1
im feeling generous its easy when youre giving away other peeps stuff if after you vote you visit the a href http www,love,4
i feel like people seem to be intimidated by me or this blog,fear,2
i bought a pretty dress and a pair of pretty sandals and am looking forward to feeling pretty,joy,0
i loved how all his pack mates bonded with her the touchy feely way they were with each other was sweet,joy,0
im still feeling indecisive im polling yall p,fear,2
i now feel almost resigned to the loss of the hopes and dreams i once had,sadness,1
i feel like an idiotic herd mentality mindless follower when i m walking down the street with a large group of people,sadness,1
i just mentioned i m feeling kind of stress free right now,joy,0
i really hope she shares the same feelings they would be so wonderful together,joy,0
i feel when the super exciting sensory bombardment is over,joy,0
i feel books are a vital aspect to our lives and will be for generations to come and this type of media will never diminish because of the enjoyment it beings to humans,joy,0
i feel suffocated yet charmed my brain pauses logic,joy,0
i feel violent wanna kill someone anyone or kiss them,anger,3
i wasnt so self conscious of my atrocious singing i think id be tempted to break out into this whenever a colleague is feeling defeated,sadness,1
i always feel like ive been assaulted by his pics,sadness,1
im super pumped to have crossed the nano finish line my novel is far from finished but im feeling optimistic,joy,0
i feel ungrateful and petty if i try and talk to people about it,sadness,1
im one of girl who feel insecure about herself always,fear,2
i feel indecisive about baker although my room is the smallest double it still seems big but i hate how loud the guys across the hall are,fear,2
i feel so strongly and passionate about so hearing that just made my heart sink,joy,0
i might also write a bit about science if im feeling particularly energetic,joy,0
i hate asking myself why i feel so reluctant when he tries to kiss me,fear,2
i understand feeling alone and lonely like you may never be really known,sadness,1
i feel getting or gifting a life time subscription is vital,joy,0
i feel disheartened or defeated,sadness,1
i feel uncertain about,fear,2
i was feeling kind of hesitant about food which sucked because we were going out to dinner that night followed by drinking,fear,2
i know just how you feel any ache pain in tummy i get frightened incase it em again,fear,2
i feel like i am nothing but pathetic,sadness,1
i feel so fucked up now i want to shut myself up,anger,3
i know im not in the best place of my life still dealing with the infertility issue but i feel i have a lot to be thankful for,joy,0
i feel like they are dirty all,sadness,1
i feel divine whenever i captured a moment smiled silently saving all the details to my treasure chest that i fill only with memories that i knew will only happened once in my lifespan,joy,0
i feel like if i was here long enough i would have my emotions back b c i could either be so stressed out by the people that i cant hide my emotions or that i would have my support back and feeling would be safe again esp without uw school work,anger,3
i feel decently intelligent,joy,0
i feel amazing doctor,surprise,5
i want to know exactly the meaning behind these effin feelings and submissive thinkings,sadness,1
i feel despised and i dont deserve that,anger,3
i feel like i did the last time i had to break up with a lousy boyfriend in so im out of practice like junk,sadness,1
i try that i just feel that im being judged by eyes that only see me as a weird and vain bastard who thinks so much of himself,fear,2
i read after watching the film argued that it makes sense for its author to feel so offended by the changes from the truth that were made in the film as it is being used in an attempt to effect real life verdicts,anger,3
i didnt want to stay in this feeling of loneliness the emptiness of my prayers blank requests to a paper deity,sadness,1
im feeling sad so i can remind myself of how i am talented and good at things and also see things that inspire me all in once place,sadness,1
i would not expect you to understand and if you have i feel horrible for you,sadness,1
i always feel reassured after my appts,joy,0
i lay myself raw and bare and let the enemies attack me for feeling so emotional over something they feel is silly because i want to be honest with myself and others,sadness,1
i feel that grits and even polenta are an unfortunate fate for corn,sadness,1
i started feeling like myself again but it was a pretty rotten time in between,sadness,1
i am surprised no one is feeling repressed misrepresented or offended by it,sadness,1
i have been feeling pretty fabulous for me that means my pain is about a out of for the past three days,joy,0
i know my good friends are biking through tulip fields i feel a little regretful,sadness,1
i feel romantic feelings in my soul and begging to god make u me ur love me ur feeling me ur soul me i wanna to hear the beat of heart by u for me ever if u wanna so otherwise i am nothing without u,love,4
i didnt feel insulted though,anger,3
i feel like i need a artistic community or a friend or a class,joy,0
i feel lethargic slogging through work outs and finishing each evening with popcorn and a glass of pinot gris,sadness,1
im feeling cool today,joy,0
i feel her sweet sound nice melody of the song,joy,0
i instantly feel anxious that a police officer is going to pull me over,fear,2
i like to pray a decade whenever im feeling stressed or scared,anger,3
i do feel that you are a little needy because of the tone in your note to me,sadness,1
i can t feel saddened or that i should just stop caring,love,4
i find myself feeling happy more and more and it feels so very good,joy,0
i need to take my own advice and the advice of many many writers who i admire get the butt in the chair every day even if youre feeling distracted or stressed or whatever,anger,3
i find when i look at things in this way i deal with the situation better and do not feel as agitated,fear,2
i even feel strange if i forget a primer and put foundation on my bare skin,fear,2
i feel like if you get something really cool you could easily turn it into a finished piece but that s kind of up to what you get out of the two hours,joy,0
i feel dirty srcurl http draftbloger,sadness,1
im totally feeling bitchy and resentful about it,anger,3
i feel like flagellating myself like the weird albino priest in angels and demons every time i see his face,fear,2
i feel hated by,anger,3
i am all about empowering women i truly feel that they are the more intelligent sex but what is enough,joy,0
i answer feeling clever again,joy,0
i tend to stop breathing when i m feeling stressed,anger,3
i describe this it is so wonderful i can close my eyes and remember the cool feel in my mouth with a rich creaminess but lightness,joy,0
i would recommend it strongly for any who feel isolated or lonely or even just interested in getting together with people in a still living good old fashioned truly diverse americana kind of way,sadness,1
i am hoping the weatherman is right with his forecast of stay at home dont venture out rain for tomorrow i am feeling all kind of creative,joy,0
i asked feeling slightly wimpy,fear,2
i could listen to those words and suddenly not feel so incredibly helpless,sadness,1
im inclined to believe that im simply too lazy to feel particularly greedy,anger,3
i am feeling very anxious and frustrated right now,fear,2
i feel like a snow globe that has been all shaken up and i m still waiting for the dust to settle,fear,2
i wouldn t feel as offended as i do now because the sign would be accurate,anger,3
i am so jealous im always jealous when he has fun without me and i fucking hate it i feel pathetic,sadness,1
i hear you loud and clear that this is an important issue for you but in the grand scheme of things i cant help but feel that this is so petty,anger,3
im still waiting for my new fairy lights to be delivered but i couldnt wait to get the tree up and make the house feel a little more festive,joy,0
i feel strangely tranquil and happy,joy,0
im feeling less like a woman and more like an embarrassed girl,sadness,1
im not going to lie i feel a little insulted,anger,3
i remember feeling as innocent as she looked that day,joy,0
i feel sort of numb,sadness,1
i mentioned previously it has only been over two months i am feeling hopeful that if i am having more positive thought i might be able to forgive her,joy,0
im feeling energetic and motivated with my kids the days can move so slowly,joy,0
i was still feeling terrible sore throat body aches stuffy nose congested etc,sadness,1
i believe i manged to tone it down here while retaining just enough flourish to make the suit feel special,joy,0
i was battling the desire to move away from her not wanting to be rude but seriously feeling disturbed by her nearness,sadness,1
i tell the people closest to me things that i am feeling and its as if they arent surprised because theyd known it all along,surprise,5
i do know that the stresses from this past week sensory overload oh and i have not been sleeping well are all contributing to my stoic type of feel however i am rather jolly and do not feel like i am in an icky mood at all,joy,0
ive been feeling so listless lately,sadness,1
ive been feeling a bit remorseful about our decision kicking myself that i was too cheap for my own good,sadness,1
i feel a conection between my beloved letter and the beloved envelope that i have customized,joy,0
i guess ill quit the predictions and quit feeling doomed,sadness,1
i feel like you re important to me,joy,0
i feel embarrassed for others that something so small makes them feel awkward,sadness,1
i feel like im damaged goods hah,sadness,1
i didn t feel rushed to finish millions of things and i was able to focus on each task separately,anger,3
i want to be able to leave my house on my own without feeling terrified and im going to work on this every day,fear,2
i always feel as though it is my role in life to be supportive to my friends as an example of joy and fun to remind them that life is good that we are good and that when they and we are not we can strive for them to be so,love,4
i feel very vulnerable about sharing things that i write but i hit the publish button anyway,fear,2
i feel that i have to justify this behavior to you my faithful blog reader,joy,0
i like to pull out when i ever i feel like being snobbish about my musical tastes,anger,3
i step back in the game day after day even when the odds of success seem out of favor i love on and when i feel nothing but ugly inside she is there to remind me of who i really am and nothing could be prettier than that,sadness,1
i find myself seeking and yearning for love and acceptance from people that can not provide it and then being disappointed when i am alone and feeling unloved and unworthy,sadness,1
i feel a trace of disgrace for the gracious man s embracing her bracelet,love,4
im left feeling paranoid and like it keeps getting harder to feel happy,fear,2
i feel like a dirty heal and unconformable,sadness,1
im feeling cranky im not going to lie,anger,3
i took a little liberty here artistic license perhaps and went with a festive feeling for these as well,joy,0
i don t feel cute like at all,joy,0
i have good camwhore skill thanks to instagram and pudding which is anotehr super popular social apps to post all your vain picture without feeling vain because others will do the same so ftw,sadness,1
i always feel this way in these moods but it s still unpleasant,sadness,1
i feel weird this morning,fear,2
i felt jealous when you i feel insecure when,fear,2
i feel so honored to have lindo guest starring on this post,joy,0
im just saying that if i did they would make me feel successful,joy,0
i feel so fucking horny,love,4
i noticed myself feeling victimized resentful fearful ripped off crazy my body reacted with sensations of tension and chaos,sadness,1
im a little tired of writing about these things and feel like these solemn posts are a bit too much for this home school family blog,joy,0
i am going to stop feeling sorry for myself,sadness,1
i feel so cool cool cool cool cool girl i feel so cool cool cool cool cool girl,joy,0
i really feel irritated with all these,anger,3
i think of how many years i spent feeling furious at my dramatic perspective of the world and my extremely sensitive nature,anger,3
i was feeling pretty anxious and overwhelmed as a friend rightly noted probably because i was on a boat with my mom grandmother and great aunt and no where to flee except the damn cold baltic sea,fear,2
i feel like the hymn says i stand all amazed at the love jesus offers me confused at the grace that so fully he proffers me,surprise,5
i dunno how it feels to be completely happy the real world has taught me about struggle but what i m going thru is nothing close to struggle,joy,0
i want or need to hear to make me feel valued,joy,0
i feel as if im in some strange catholic vortex,surprise,5
i make an arcade i have a very simple purpose and that is to try to make it feel absolutely comfortable physically emotionally practically and absolutely,joy,0
im starting to feel that im suffering from fatigue,sadness,1
im feeling doubtful about my writing dreams to know shes behind me,fear,2
i want to enter in defiance but coming from a different culture i feel offended that i am not allowed,anger,3
i feel so agitated about this,fear,2
i feel really valuable because of this knowing he considers me worth the sacrifice,joy,0
i also feel as though this assumption is rude as soon as they are informed they are married the next question follows do you have kids,anger,3
i was older i might not feel as frightened about spending the time i have left alone,fear,2
i do find new friends i m going to try extra hard to make them stay and if i decide that i don t want to feel hurt again and just ride out the last year of school on my own i m going to have to try extra hard not to care what people think of me being a loner,sadness,1
i feel a bit safer now in using the motivator that works and trusting that i will be able to use my other motivators and combat other parts of the ed if i am patient and strong,joy,0
i feel like im finally out of my box and free to be the person i was called to be,joy,0
i presented old work which made me feel guilty,sadness,1
i go from your presence from praying for wisdom and patience and feel so instantly furious,anger,3
i have for myself even when i m feeling crappy,sadness,1
im finally feeling a little more productive,joy,0
i think many of us feel burdened by this pervasive belief that we are in control of things going right or wrong in our lives,sadness,1
i really had prepared ourselves for the worst but we both had the innate feeling that everything was fine,joy,0
i is feeling insulted because everyone is comparing sneha with her,anger,3
ive been here for the last two or three months and yes i am playing with vinnie kompany but the other guys are good joleon kolo toure and they can also play well but im feeling good,joy,0
i want to just drown myself in the excitement and hype of the inauguration i still feel very troubled about where both america and the world are right now,sadness,1
i feel that is very unfortunate that i dont own the soundtrack,sadness,1
i have been feeling so bad that he has to be coherent and deal with teenagers all week,sadness,1
i feel kind of lame this time around,sadness,1
i still feel cute in my tight little work out pants and snug t shirt,joy,0
i feel at peace relaxed and not anxious or nervous or scared,joy,0
i also feel strongly about supporting the local economy so for the past years i am proud to have driven gm cars in a gm community,joy,0
i told him how he has been making me feel unimportant and insignificant,sadness,1
i have been wanting to write about a secret life i live one that only a handful of people know about one i keep secret and one that i feel embarrassed about even though i know it is perfectly human normal and deep down i feel it is right,sadness,1
i will focus on either an infantry company or if im feeling either brave or stupid enough a motorbike company for the rest of the challenge but ill leave it until the time and see how i feel then,joy,0
i feel invigorated and jolly,joy,0
i feel like i need to emphasize that because i was very impressed with the color of it,surprise,5
i heard it somehow it brings me good feeling strange,fear,2
i almost feel greedy with my rd child when so many people i know are working so hard for or,anger,3
i feel i can step into the world of men with a dignified stance,joy,0
i like to buck the system and climb on my soapbox when i feel wronged or see others wronged but for the most part i am more comfortable with a society that accepts certain behaviors as moral truths,anger,3
im usually so strong but she has this ability to make me feel like a naughty child that doesnt know what shes talking about,love,4
i need to take my own advice and the advice of many many writers who i admire get the butt in the chair every day even if youre feeling distracted or stressed or whatever,anger,3
i would not feel so all alone everybody must get stoned,sadness,1
i nodded proud of my decision to procure a pump feeling slightly smug,joy,0
i want her to feel worthwhile because she is,joy,0
i feel like there has been way too much products on the blog lately and i miss the amazing home,joy,0
ive just come back from work and now im not in again saturday so im going to spend my time playing some games and tidying up the flat a bit its nice to just feel relaxed and in control for a change,joy,0
i feel lucky photo supreme point,joy,0
i feel i must apologise as i was a little giggly tonight and received a raised eyebrow from a sensible member of the youth orchestra,joy,0
i took away all the disappointed feeling all the paining i gave my heart to be heal by lord because he s the only one love who never betrayed never lose loyalty even i didn t loyal to him,love,4
i feel like i am carrying him suuuper low too,sadness,1
i try to hold my tongue try to see it from his point of view but inside i am feeling agitated and irritable about all this pressure to please him when i cannot seem to get my own self in order,fear,2
i take a look as i try to get used to the feeling of his touch innocent as it is,joy,0
i visit cantina i leave feeling that the food is lovely but not always worth the price,love,4
i can t be with her in portland and i feel fairly useless here in strasbourg,sadness,1
i am feeling amazing mostly normal i am going to a pre thanksgiving celebration with our friends from that time we were in softball,joy,0
i hope the pair of us harbor no hard feelings and do enjoy casual chats about the ways our lives turn out without needing to press a title into everything,joy,0
i feel so selfish but i just want to keep my baby close for awhile and not let the rest of the world in unless i feel like it,anger,3
i guess she was feeling pretty hesitant,fear,2
i feel like an innocent victim i feel that i just can t win,joy,0
i longed for that feeling i once knew the feeling i treasured once and forgot because of pain,love,4
ive been feeling completely stupid about this whole thing,sadness,1
i didnt used to feel so defective when younger yet i did sometimes,sadness,1
i feel like i have to fight with myself to not give in to it but sometimes the battles are ferocious,anger,3
i feel that the people i have allocated my questionnaire to a representatives of my target audience so therefore their results are valuable to the success of my advertisement,joy,0
i suspect i was also dealing with caffeine withdrawal but i think i have now figured out a system of eating which works well for me and i feel fab,joy,0
i feel so special that so many people prayed so hard for me,joy,0
when i learnt that i had been accepted at the medical school,joy,0
i do not feel miserable at all because my family is not the type that celebrates eid,sadness,1
i got this very sexy latex outfit from their lucky chair it made me feel very naughty the hair is called hungover and it is free by a href https marketplace,love,4
i am already feeling very much lousy i seriously do not need anyone to give me comments,sadness,1
i more important than going fun ipad strategy games original boots from ugg wear ugg boots this winter low cost ugg boots uggs need to get washed inside they are also lightweight so you won t feel burdened with them speed up finances with payday loans payday loans the monthly solution for you,sadness,1
i feel like a lousy person because i really cant think of anything profound to say,sadness,1
i have a desk job and sit on my ass all day long so sometimes i feel paranoid that i m not being active enough and think things like dear god what if i get so fat that i can never lose the baby weight,fear,2
i swear he had feelings that teddy i was so convinced of that and i was very very careful to always make him feel special and more loved than any of my other toys and teddies,joy,0
im trying to be intuitive often just makes me feel sort of confused and nauseous,fear,2
i feel a strange sense of achievement that i have scraped every nook and cranny of the shells for juicy morsels,fear,2
i would love to stop feeling so effing needy,sadness,1
i feel so immensely blessed that i was chosen to be little joeys mom,love,4
i been so acquainted with sleep i feel like i should name it to ensure im not being rude or maybe it has a name already,anger,3
i am feeling soooooooo giggly,joy,0
i feel like i m on a roller coaster of craziness but i keep in mind that my throne is precious to my lady and i and i will do anything to keep it the way it is even if that means killing the people around me,joy,0
i bought some eggs and because i was feeling adventurous i also got a whole chicken and an oxtail,joy,0
i feel very inadequate physically,sadness,1
i feel cold spots,anger,3
i feel so respected and seen,joy,0
i am feeling impatient restless excited,anger,3
i feel like i had this bitchy undertone the whole convo like kinda sarcastic,anger,3
i got to feel our sweet girl kick in my belly and he never had that intimacy with her,love,4
ive been resting and feeling generally unpleasant and queasy but in that frustrating background way where you dont feel right but cant place an exact cause,sadness,1
i felt this was my next step and i dont want to be doubtful but i feel dumb keeping a hope for so much money to come through in such a short time,sadness,1
i have started this journal because i feel like a bunch of unfortunate and seemingly random things happen to me and i would like to keep track of them,sadness,1
ive been feeling a bit remorseful about our decision kicking myself that i was too cheap for my own good,sadness,1
i could never feel the kind of security intimacy and love that i have been longing for in this lifetime,love,4
i also tended to either attract drama or not know how to handle it before people got their feelings hurt or not really know how to prevent or deal with conflict in the groups,sadness,1
im just feeling very delicate today,love,4
i just feel that as my reader and loyal subscriber you need to be informed about how great butterfly marketing really is and not be taken for a ride so i can bank some chunky commissions,love,4
i feel ive been beaten down by the words of men who have no grounds i cant sleep beneath the trees of wisdom when you ax has cut the roots that feed them forked tounges in bitter mouths can drive a man to bleed from the indide out what if you did,sadness,1
i feel like im supporting even more,love,4
i stood kind of dumbfounded looking around feeling culture shocked,surprise,5
i stop being so reactive every little time i feel wronged or sense wrong in the universe,anger,3
i see other people writing about love when they have just brokeup and finding another person in his her life i kinda feel so disgusted,anger,3
i have the satisfaction of feeling that i m no longer supporting or contributing to the looter driven consumerism that has made a walking corpse out of the america i so revered when i was younger,love,4
i feel the divine feminine playing out last night also by giving her heart yet not to just all in the universe but to the divine masculine gods to help wake and heal him,joy,0
i feel so annoyed,anger,3
i love that its adoption of a teenager which many people feel afraid to consider,fear,2
i love how comforted i feel when im around hunters sweet family,love,4
i feel that my beloved nakahara mai would voice her nicely,love,4
i forgive myself that i have accepted and allowed myself to express myself in such a way so that i could feel superior and more than others,joy,0
i feel so horrible when i am not accomplishing something,sadness,1
i feel about the people or being accepted by them,joy,0
i am feeling soooo eco friendly,joy,0
i didn t want them sending me crap i d feel almost insulted to win and embarrassed for whoever made it like in oregon,anger,3
i shared with a trusted friend how i am feeling towards another respected friend,joy,0
i feel is useful and even adding my own two cents,joy,0
ive been coursing through cycles of happiness to a feeling of being mellow to a feeling of being really depressed to being mellow again and then back to the beginning,joy,0
i do not know what to do in my current space to make myself feel more comfortable,joy,0
i feel like im losing grip as that fantastic avril lavigne song pops into my head,joy,0
i can still feel all my muscles aching,sadness,1
i am saying that i am feeling helpless now that i have to walk on toes,fear,2
i feel so pissed off that i can bite off a fucking tree log,anger,3
i feel a bit dumb,sadness,1
i feel like today is way suffering than the exam day which we have to open books everytime we went home,sadness,1
i act as head of family when he is far too young for this and making sasuke feel that he has to support her instead of her supporting him which by right should be her duty because she is the mother and he is the child and he is fatally ill and not she,joy,0
i would have left that exam feeling humiliated and reevaluating everything i know about myself,sadness,1
i feel smart telling people i like wally lamb because hes actually not chick lit so i always mention him so people will respect me more,joy,0
im siting on the couch feeling like i should be doing something productive but im not sure what,joy,0
i was feeling helpless as i could not explain it to him,sadness,1
i have my best most productive happiest days when i m feeling inspired,joy,0
i did feel defeated,sadness,1
i tend to be a little more relaxed with our days im forced to be a bit more flexible with toddlers but a lot of days im left feeling frustrated that i didnt get more done,anger,3
i feel the moment that i know im real they judge without supporting facts ive cut there is no going back,love,4
i feel like making this a stubborn battle of wills,anger,3
i go to bed feeling very distraught otherwise,fear,2
i will feel as though i am accepted by as well as comfortable being around both sides of my family,joy,0
i feel poles are most useful in pairs all price and stats in this review are for two poles,joy,0
im totally digging and all the band business over the last little while i feel like ive been totally socially and emotionally neglectful of a lot of shit in my world,sadness,1
i make a mistake i cringe feel idiotic and become filled with self loathing,sadness,1
i feel very regretful i wasn t able to finish what i set out to do data url http www,sadness,1
i am feeling overwhelmed with the responsibilities of being a teacher that someone is trusting me with their most precious gift and it is an honor,surprise,5
ive been desperately trying to finish up my machine learning p set but im now far enough along that im no longer in complete panic mode i feel like my mood is on a spinner is she detachedly amused or freaking the fuck out,joy,0
i feel we need to bear in mind though is that there are low cost resort rooms in europe and england if we look,sadness,1
i feel scared and worthless when someone doesn t love me,fear,2
i have a feeling that jeremy is not going to be too keen on the vinegary smell that calli is giving off right now,joy,0
i just feel a weird vibe,surprise,5
i just got home from a dinner with the barcial it was fun but it made feel so gloomy,sadness,1
i didnt go into with any cardboard goals i feel i have been very successful with how turned out,joy,0
i just feel glamorous in it,joy,0
i feel overwhelmingly remorseful and guilty when i watch too much news or too many sad movies or television dramas,sadness,1
i really have nothing to talk about i m just feeling so damn antsy and needy and lonely,sadness,1
i came out freaked on the brink of tears feeling angry confused ridiculous small,anger,3
i feel the need to blog pagetitle from flab to fab,joy,0
i dont even know how to express how it made me feel these kids were so appreciative of the fact that we were coming there and it was very heavy to think that maybe our music gave them a little something to grasp on to,joy,0
i knew it would feel empty and there would be the potential to feel like i wasnt doing well as i wasnt passing folks,sadness,1
i feel that if people read my writing they will know that i m a dumb bunny,sadness,1
i feel so incredibly blessed especially during the hectic exam period,joy,0
i hate you for making me feel unimportant,sadness,1
i feel ridiculously glamourous in it i never want to take it off i may become a recluse just so that i can wear this dressing gown all day swan about,joy,0
ive somehow had a few epiphanies and toned down the need for validation its still a work in progress but i feel less need to be liked by people who dont deserve the attention,love,4
i feel frustrated or impatient,anger,3
i feel adventurous i even pop a a href http dianam,joy,0
i feel that with all the talented players that we currently have especially with most of them being rested for the next game and the experience that our players bring to the game we have the ability to go further than we ever have,joy,0
i went but i did feel shaky,fear,2
ive been without a home without somewhere that i feel truly welcomed and safe,joy,0
i feel strange coming back to work after my one day holiday,fear,2
i feel doomed for wanting to get a doctorate of something besides medicine,sadness,1
i sat feeling helpless like a moment from an episode of the walking dead,fear,2
i go to the gym i can t even get my heart rate high enough to feel satisfied thanks to the level of competition i ve experienced in the past couple of years,joy,0
im feeling much more positive about the impending move,joy,0
i took steps and immediately remembered the feeling i had when my water broke with jack,sadness,1
i feel like im doomed to forever be the girl that everyone sleeps with but that no one can love,sadness,1
i am exceedingly lucky and i don t work this hard because i feel some sense of frustrated obligation that is resented,anger,3
i feel helpless,fear,2
im feeling awfully irritated and worried and for a few good reasons,anger,3
i feel like there is a fragment sweet scent hang on my tongue it instantly disappear as if saying i was paranoid,love,4
i didnt feel surprised i didnt feel upset i didnt feel angry i didnt feel anything,surprise,5
i feel consistently dissatisfied disengaged disinterested and without any zest for what i m doing in my life i eat,anger,3
i did feel a little less inhibited in class tonight,fear,2
i feel like i m too mellow in my regular life so i have no use for drugs that make me feel even more mellow,joy,0
i usually wake up feeling kind of groggy,sadness,1
i feel like until my brother is completely fine i wont be able to move on with a job or anything,joy,0
i feel that precious girl kick or see her face on the sonogram it makes it all worth while,joy,0
i feel a little isolated being in my house all the time,sadness,1
i got to walk in the rain and feel triumphant over nature in my rain boots and pink rain coat,joy,0
i feel bore and restless,fear,2
i pleading to people and feeling distraught that they dont hear,fear,2
i feel like i m getting a milkshake and it has really helped me control my sweet tooth,joy,0
i feel so shaken and guilty for not being a better mother and shielding my offspring from this health problem,fear,2
i feel the pull of gravity the temperature of the sun and the air i smell the earth and the air and feel the pleasant tug at my muscles,joy,0
im feeling especially keen,joy,0
i am pinned as the culprit of digging out their inferiority and made them feel useless again,sadness,1
i no longer had hard feelings for and very luckily and unexpectedly met this sweet and interesting girl on tumblr who is an aiw fan but she also runs a wonderful alice in wonderland blog called she still haunts me phantomwise,joy,0
i started out feeling sympathetic towards him because i wouldnt want dr,love,4
i do feel lonely at times and at times i still feel that i am alone,sadness,1
i feel heartbroken and worried and i have a wicked headache,sadness,1
i feel so amazed ive had views in the past week,surprise,5
im really praying and concentrating and im just inundated in thoughts that i feel should be devoted much time to,love,4
i feel utterly dismayed that our favourite lloyd grossman product has been ditched,sadness,1
i feel no remorse about doing this it was unsuccessful and a learning process for me in the development of this blog,sadness,1
i feel if you re learning about your purpose and the workings of this universe and continue to evolve and transcend you will be productive and such along the journey,joy,0
im going to sit and crochet some more squares and try not to feel alarmed at the amount of them i need to do before these babies are born,fear,2
i even mentioned him was to show i want to trust you with my feelings hoping you would not think i was being rude mean coercive or pushy,anger,3
i feel stubborn and strong and ready to fight this disease,anger,3
i feel so selfish so self indulgent,anger,3
i feel an urgency to introduce readers to the amazing and touching story of anna iya and erik,surprise,5
i was feeling nervous my hands felt shaky my heart was pounding,fear,2
i feel a bit strange saying it,surprise,5
i feel like a neglectful pet owner,sadness,1
im feeling inspired by all the summery elements of my favorite past time beach bummin,joy,0
i feel like if people see the chinks in my armor they re going to decide that i m this fucked up person dismiss me as a hot mess and not want to be around me anymore,anger,3
i spent my vacation from school feeling confused and heartbroken,fear,2
i now don t want to feel slutty,love,4
i was feeling quite apprehensive about my wig as i felt that it wasnt as full as id hoped it would be however id taken into account my models beautiful long hair,fear,2
i have a feeling this week is just going to be splendid,joy,0
i remember sitting in class actually feeling eager to learn a amp p,joy,0
i feel passionate that students should have choice in their reading and that it is my job to encourage a love of reading,joy,0
i actually feel lame because its such a much lighter workout than the px but im able to push harder and i dont dread it so much,sadness,1
i adore who watches my gift list and when he knows im feeling unloved he surprises me like this,sadness,1
i know i should just let the words flow like how they do when i blog but still i feel the pressure and that is making me unsure of my skills,fear,2
i write that i feel a bit anxious,fear,2
i live in philadelphia pa and i m pretty sure if he said you were just under and drove you home he was feeling sympathetic and if he was going to ticket you he would have right then and there,love,4
i totally laughed out loud at the first statement and then the second statement made me feel kind of sad,sadness,1
i start to feel like im getting over the death of my beloved cat timmy and when i get used to the idea of only seeing my mum maybe twice a ytear from now on and justwhen i start planning for my futrue and happy timesa ahead i start efeeling like this again,love,4
im so tired i feel weepy,sadness,1
i do feel amused by all the different debates going on but on the other hand i felt that theres something missing,joy,0
i just feel overwhelmed thinking about it,surprise,5
i feel like its vital to keep this someday list active,joy,0
i have this nagging feeling that i fucked everything up on the first try,anger,3
i love being comfy that is my main goal when i look for new clothes i cannot stand feeling uncomfortable in something,fear,2
i feel that when i run i that is me sarah the mind am supporting this body,joy,0
i guarantee that if im dizzy or feeling like im going to vomit for months i am not going to be a very pleasant person,joy,0
i did restart my gallery but only because i was feeling very vain and gorgeous at the time,sadness,1
i told him that college philosophy was not the same as his class because it lacked the comforting feeling of a humorous instructor,joy,0
i could before the actual thing and then if i still couldn t figure out if i d feel embarrassed not knowing how to get in line or how to get a drink or where to park my car or whatever i just wouldn t go,sadness,1
i basically have a gut feeling of whether i think that person is genuinely sincere or not,joy,0
i could feel my body start to shake with nervous anticipation,fear,2
i feel quite nervous and scared too x scared cos ill be taking the plane back to singapore on my own cos i cant stay as long as my two other friends have planned t,fear,2
i always had this negative perception when i was asked about getting pregnant and my misscariage i always walked away from those conversations feeling somewhat offended,anger,3
i have this sort of feeling like an emotional undercurrent that im waking up in a sort of spiritual inner heart kind of way,sadness,1
i feel that i have so much to do to make a positive impact on this world we live in,joy,0
i think its the feeling stupid part because i couldnt tell you were lying,sadness,1
i think a lot of the fun there is in meeting the players expectation and making the player feel clever making it seem like they re not just clicking on an option you know,joy,0
i was talking to elder ditlevsen the other day about my plans at college and things and how you guys were all way excited for me to get back and he told me that he remembered feeling a little nervous as a parent,fear,2
i feel like im getting less intelligent more and more each day,joy,0
i feel like i am losing confidence but for now i feel calm,joy,0
i feel like i am caring less about getting things done than actually relishing in the experience of doing and learning mathematics of course i probably will be working on things last minute but i wont let the pressure get to me,love,4
i am feeling sorry for myself because someone made fun of my outfit,sadness,1
i feel oddly nostalgic for those early days when we were all still figuring things out,love,4
i feel the need to turn to my beloved nations,joy,0
im feeling terribly impatient,anger,3
i think i m a bit better today although i still feel like i ve been run over by a truck and the cough is being remarkably stubborn particularly when i try to speak,anger,3
i feel mellow content,joy,0
i do think that men maybe feel that they expect to get rejected because at the same time men might act like they call the shots but women definetly do,sadness,1
im feeling lonely while scott is at work,sadness,1
i am feeling fearful or upset about any situation in my life i have only to notice my reminder sitting right before me and i begin repeating this affirmation over and over again,fear,2
i don t know why i feel disheartened about the league because of so many draws it is the mark of a tightly contested competitive organization with important results,sadness,1
i am feeling a little lonely,sadness,1
i feel peaceful and happy about this decision and i am glad and grateful for the remaining three months that i have in mombasa,joy,0
i love that they feel so comfortable with their friend,joy,0
i think back through jesus many miracles it feels like he takes each case individually and heals them in a way that will be the most loving and helpful to them,love,4
i an asylum seeker who i don t know how they live in this country without feeling assaulted,fear,2
i have said this before being a mom has made me feel more vulnerable than i have ever felt before,fear,2
i also like to share my happiness by spreading a smile at work sometimes i feel like the people i work for are a bit uptight so its nice to add some chatter to lighten the mood,fear,2
i won t say that i didn t feel any fear because i did but i was surprised at how calm i was,surprise,5
i feel bad for pretty much everyone involved and am generally bummed to see violence take place perhaps most disturbing of all is the insidious if not predictable victim blaming that has taken hold in the days since the violent incident,sadness,1
i feel so lucky to have the opportunity to be here,joy,0
i stopped feeling so exhausted a href http provokingbeauty,sadness,1
i still have that feeling to you until now ya the feeling to loving you,love,4
i dont have much art online that i feel properly represents my skillz an unfortunate scenario i know,sadness,1
i needed to feel rebellious,anger,3
i wish i could say hey you know if i died tomorrow i wouldnt feel cheated on life or regretful that i didnt accomplish something,sadness,1
i am sure she is feeling all alone imagine i just take the whole house in my head when i have fever,sadness,1
i feel so worthless during those times i was struggling finding work,sadness,1
im wrong but i have a feeling the studio was reluctant to give clint money to fund a movie from the perspective of the japanese,fear,2
i always feel overwhelmed with a mixture of feelings while listening to these songs,surprise,5
i feel nothing through long stretches of time im convinced nothing has worked,joy,0
i feel sure he is headed north,joy,0
i have spent the majority of my life trying to change how i look in order to feel accepted by others to feel loved by other to feel better than people around me because in my mind my physicality is the only thing that i have to offer,love,4
i am feeling so incredibly blessed for the life i have been given and the people that god has put in it,joy,0
i needed to know i mattered that my feelings were important and that i mattered enough to be pursued and cherished and protected,joy,0
i cant totally defend her the woman wanted to be famous and nobody around her seems to be able to tell her how to handle fame britney leave los angeles when you can for starters but i am starting to feel a lot more sympathetic toward her,love,4
i know i feel a sense of obligation to be loyal to the us canada and taiwan depending on whether or not you think the last is a country,love,4
i feel kinda idiotic because i talked to the bass player shahzad ismaily when i got two shirts and i didnt say anything to him,sadness,1
i feel offended by that statement,anger,3
i feel like there has been way too much products on the blog lately and i miss the amazing home,joy,0
i love the feel of his lips on mine how i feel so safe in his arms even though im older i just love how i feel and who i am when i am with him,joy,0
i feel so helpless yet so motivated to do something,sadness,1
i feel insecure around people who i marvel at people who humble me,fear,2
ive been taking or milligrams or times recommended amount and ive fallen asleep a lot faster but i also feel like so funny,surprise,5
i didnt respond because i feel that some days i cant just put on a fake smile and pretend like life is great and not let the negativity creep in,sadness,1
i had suppressed my homosexual feelings so much that i replaced them with what i thought would be socially acceptable,joy,0
im in confuse and feeling so blank rite now,sadness,1
i feel very ignored,sadness,1
i will never forget that walk out of the doctor s office that afternoon feeling so determined not take for granted my health again,joy,0
i feel very distraught right now,fear,2
i feel rather pathetic,sadness,1
i seriously feel so blessed for the support that i have at home it s amazing,love,4
i am feeling pretty homesick this weekend,sadness,1
i have been made to feel totally unwelcome by my managers at work i ve gone from being one of the most trained in my team to human being of the least,sadness,1
i discussed previously in my last blog post how apprehensive audiences have become towards bathrooms they automatically feel nervous which has become a fantastic trope for horror fiction,fear,2
i cant help but feel a little jubilant as i walk through the arrivals gate,joy,0
i m filled with astonishment and feel amused about what this city has witnesed today,joy,0
im feeling somewhat optimistic that in i wont be that damn coward,joy,0
i chat with other parents no great friendships have come out of it yet but it s nice to feel on friendly terms with some of the people i see at school events and around the neighborhood,joy,0
i feel that is very unfortunate that i dont own the soundtrack,sadness,1
i show my temper to my parents i feel very regretful for hurting them,sadness,1
i feel that when i run i that is me sarah the mind am supporting this body,joy,0
i created my how to paint an owl e course with the intention of sharing the simple shape templates that i use to start my own owls so that others could easily create their own and not feel afraid to start on a blank canvas,fear,2
ive definitely had that underwater feeling lately so i was relieved to take part in a lenten service at church today one designed to clear the head of transitory concerns,joy,0
i have been home for days now and am in a space that i feel comfortable and comforted in,joy,0
i feel humiliated by my ignorance and lack of ability to accommodate the other,sadness,1
i hang my head down and feel even more embarrassed to complaint about such minor things in my life when others are having a hard time just surviving minute to minute of the day,sadness,1
im living alone while waiting for my license test and english speaking test im feeling more relaxed hibernating without any fresh air,joy,0
i may heighten crucial concerns pertaining to expatriates predominantly budgetary but also during the areas i always really feel could be useful and or important or perhaps fascinating,joy,0
i am always feeling hot i am hot to the touch,love,4
i feel a despairing sadness because after so much time working on this we have to cut ties,sadness,1
i feel like the most hated person on the planet for turning brendon down,anger,3
my girlfriend who had spent months abroad broke off our relationship by letter,sadness,1
i need to vent feel free to read a class post count link href http simplethoughtsonthings,joy,0
i am feeling like a generous and kind krem ill even show ye how tget the album,joy,0
i could feel julia hesitate as she wasn t yet convinced she should talk to this woman,joy,0
i questioned myself wondering why didnt i feel jubilant,joy,0
i feel stupid every time i even think about it,sadness,1
i went to a lecture and once again it had been cancelled,anger,3
i struggle with at church is feeling useful to the ward,joy,0
i feel so violent but im a paper tiger,anger,3
i actually feel quite scared to get back to exercising because i feel like ive lost so much strength and condition and put on so much weight,fear,2
i am feeling apprehensive about this move and worried i have blown all my money that was meant to pay my rego,fear,2
i did behave the same way when she was going through all this maybe i was the same or acted the same i don t think i did but i guess it is a matter of perception but when it happens to you you feel devastated,sadness,1
i began having them several times a week feeling tortured by the hallucinations moving people and figures sounds and vibrations,fear,2
i was incredibly youthful in my employment in which i had been angry stay when i was feeling i had been offended simply because i wasnt the professional decided on,anger,3
im back to feeling fine running,joy,0
i didn t feel an aching inside,sadness,1
i hate ever putting anyone in awkward situations and ever causing anyone to feel unwelcome such thoughts strain my heart so,sadness,1
i feel like ive got a handle on trusting my instincts,joy,0
im feeling really annoyed today,anger,3
im still feeling intimidated but i feel like i do actually have something to say,fear,2
i feel so privileged and yet so powerful,joy,0
i am feeling particularly disheartened and unmotivated today,sadness,1
i feel surprised by my reaction because as a younger woman i always thought i would be a darling older woman,surprise,5
i feel embarrassed but i don t want others to take pity on me i have too much pride,sadness,1
i feel so relieved about what i had been through i can sense a big transparence burden was lifted and thrown into a deep cliff,joy,0
i could better understand and feel the desires of his most sweet heart,love,4
i almost feel startled,fear,2
i will rest in the knowledge that even when im feeling isolated i am never alone,sadness,1
i feel really inadequate and i just wish i had enough brains to atleast pretend to know what i was doing,sadness,1
i feel more confident already a href http johnnykaje,joy,0
i suspect those might also be factors in making him not feel rich,joy,0
i feel so empty idk i came home early from school,sadness,1
i feel like that fact is being abused,sadness,1
i feel mad whats your,anger,3
i suddenly feel like some kind of innocent virgin,joy,0
i cherish the heartbreak more then the love that i lost perfectly sums up the feeling of tragic heart break which is pretty obvious by the songs title,sadness,1
i want to capture this feeling and put it into words so i can again gain the sweet taste in my mouth right now,love,4
i think its because i feel listless,sadness,1
i just havent been taking much action in my life rather leaving it at status quo probably not a good idea but i feel that things exist at such a delicate balance that i am afraid if i lunge for what i want the whole thing will crumble and i will be worse off than before,love,4
i have a full stomach and this is my nd class of the day im pretty much pooped and feeling lethargic,sadness,1
i feel offended by this girl,anger,3
i love the snow lol it just makes everything feel so tranquil,joy,0
i love being able to wear track pants in the day time with the cuffs rolled up with anklets and ballet flats i love being ridiculously warm and feeling smug as i see people struggling with bags with their big coats with pockets like these who needs bags,joy,0
i were both feeling homesick so we decided to venture to a relatively new part of town,sadness,1
i feel kind of strange,fear,2
i feel stressed he gets upset for that too,anger,3
i feel that i really ought to assert myself in some way but she smiles a pleasant blonde woman of early middle age young to me and it seems fine to drift on,joy,0
i feeling suspicious i snooped computer,fear,2
i was feeling super pressed for time the other day i did cut back on the amount of time i meditated but i didn t skip it altogether,joy,0
i feel like i got in at that sweet spot before everyone realizes how messed up everything really is,love,4
i feel offended by that statement,anger,3
i mostly take the stairs there are of them but occasionally when i am feeling particularly lethargic because of a number of consecutive late nights i bow down to ease and convenience,sadness,1
ive been reading again and feeling pleasantly surprised to find my reading list contained four similar books a fine chance to compare and contrast differ,surprise,5
i wasnt feeling that playful or that drunk,joy,0
i feel like im loving them even more now that im working again i appreciate every snuggle and feeding just a little more since i miss so much when im gone,love,4
i can look back at it and feel satisfied that i saved all those cultures from a terrible fate and that my time spent in the job was not in vain because the results of my efforts will benefit students for decades to come,joy,0
i want to feel all year long that lovely warm tingle that october brings,love,4
i just feel heartbroken vunerable and sick tonight,sadness,1
i feel its rude to take someone s photo but rather that i feel awkward asking to take the photo,anger,3
im feeling melancholy with all the back to school stuff today,sadness,1
im ever feeling stressed i whack heart on black on and it kicks me back into shape,sadness,1
im happy to report that im not feeling too petty these days mostly because there have been countless examples lately showing me how irrational a woman reaching adulthood and some who should all ready be there can actually concieve,anger,3
im feeling too stressed doing homework that i dont feel like going out,sadness,1
i feel like a lousy person because i really cant think of anything profound to say,sadness,1
i ever going to feel cute again,joy,0
im not feeling outgoing and am in no mood to put the game face on and smooch,joy,0
i just feel that there is too much too many pages too many descriptions of stars too many supporting characters,love,4
i can cry and feel bad without an explanation at all,sadness,1
i inquire incheswhyinches are people relocating droves about what they feel is security in precious metal,joy,0
i really needed to hear today i really struggle feeling valuable just staying home i know it is important and that is why i do it but it was great hearing how much my husband values what i do every day,joy,0
i was going to cry at one point could feel a lump in my throat but managed to stop it as i was more distracted by the thought of getting all my vows right,anger,3
i feel mad sad and discouraged there is something so marvelous about the lord jesus something about the holy word of god that ignites my soul with hope to once again keep moving forward,anger,3
i feel so selfish but i just want to keep my baby close for awhile and not let the rest of the world in unless i feel like it,anger,3
i feel disheartened and frustrated by the experience,sadness,1
i feel more sympathetic than ever for elementary school teachers trying to coerce entire classes of third graders to walk single file to the lunchroom,love,4
i feel like i m always the one getting punished for stupid things and i feel like i m being chastised for behaving,sadness,1
i simply said how sorry i am and just got out from her car and got into my house feeling restless,fear,2
i cherish the heartbreak more then the love that i lost perfectly sums up the feeling of tragic heart break which is pretty obvious by the songs title,sadness,1
i feel like you re being super humble right now,joy,0
i do not feel overwhelmed nor rushed,fear,2
i counsel people who are in abusive relationships i have prided myself with understanding how they feel being a supportive resource because i get it,love,4
i had spare gear on the bike to cope with two punctures but was feeling particularly paranoid about the race tyres as i had already had two punctures on the previous three times i had taken them out training,fear,2
i could feel his sweet spirit and i was happy to be helping him,joy,0
i found myself a place after looking for one for a long time,joy,0
i feel damn agitated during the speech,anger,3
i would have liked but if i would have had people to run with i feel like i could have run a low,sadness,1
i hadnt anticipated happening quite so quickly in this new international life was feeling passionate about honduras,love,4
i now feel less doubtful towards that person about his her sincerity in rebuilding our relationship,fear,2
i feel the need to reach out and see what fabulous plans you have for igniting your brand influence this summer,joy,0
i dont think that is true and i have tried to explain my feelings but he replies that if i am submissive to him i wouldnt question his authority on the subject,sadness,1
im a bit afraid the cookie is what is making me feel not so fantastic,joy,0
i like products that are organic because i can feel assured there are no added ingredients that could have potentially negative effects,joy,0
i didn t feel like i was being bitchy at the time but upon retrospect why wouldn t he think that i was trying to shake him off,anger,3
im taking advantage of feeling artistic incase it runs away again bell had her baby the other day yay,joy,0
i consulted my aunt a doctor partially because i wanted counsel without copay but mostly because i had a feeling my doctors would be skeptical,fear,2
i feel nothing just empty until the nothing becomes something just a deep ache longing to be filled,sadness,1
i feel relieved when i don t have to play jeoffrey pagetitle eyo,joy,0
i feel so envious and proud of you at the same time if it is at all possible to feel that way,anger,3
i wasnt so terribly sore i would feel a bit regretful but theres papers to write and ebony dances to practice for,sadness,1
i still have such a hard time writing my work down and when i do i feel its not perfect,joy,0
i was beginning to feel fear nevertheless a stubborn person i am i swept the superstition away but i reminded myself to pay extra caution,anger,3
im home i can feel how the cold has seeped into my arms and legs,anger,3
im feeling a bit jaded,sadness,1
i dont know you or what your going through but i feel sympathetic because im human lies,love,4
i am skinny look at me i am thin i love myself but i am feeling ignored i am thinner now i try to disappear,sadness,1
i do feel a bit delighted,joy,0
im feeling a little more hopeful about my future and like matty always says i want my world to get bigger,joy,0
before an exam which i,fear,2
i know is that i feel fantastic,joy,0
i left the gym this sunday morning feeling invigorated,joy,0
ive done so much reading but i feel like im being paranoid by doing all this extra stuff since no one seems to,fear,2
i actually feel really horribly vain posting this but im kinda curious,sadness,1
i just feel so disgusted with myself,anger,3
i hate being so hungry and weak that i feel stubborn and dont want to do anything productive,anger,3
i couldnt help but feel that all these people had missed the best of the day,sadness,1
i feel when my socks bunch up under my feet that it makes me cranky and liable to bite someone s head off for saying hello,anger,3
i could only describe as feeling like there s something moving inside you it s not pleasant but it s nothing like true cramps impossible to describe unless you ve been poked from the inside out,joy,0
i wrapped one child after another in a hug i realized with a sinking feeling how quickly each precious moment was passing and i was thankful that in that particular precious passing moment i was with my kids,joy,0
i feel so impressed with ia,surprise,5
i was mightily nervous given that i crashed and burned at this point last time and i still remember feeling shocked at how hard i found the x second runs,surprise,5
i did a breathing treatment but as i laid in bed i felt like complete crap and i couldnt sleep so i called in thinking i really need to get steroids and ill feel fine right,joy,0
i feel so dull and drowsy all the time,sadness,1
i didnt end up with that popular guy before the feeling i had when i was rejected its like a break up what i thought during that time la,sadness,1
i am feeling a little overwhelmed but ive been given some amazing tools met some wonderfully creative fun and crazy people and was reminded that i have a voice that has been silent for too long,surprise,5
i do not feel comfortable staying in my house i feel relentless when im asked to do something tired almost all the time and bored without my own money,joy,0
i feel uncontrollably agitated and i have no idea why,fear,2
i see how strong and bright you are and as you meet your milestones weeks early i feel assured that my gut was always right,joy,0
i feel so honored that we could be a part of that fundraiser they did very well i am told and we hope to return another time,joy,0
i guess i was feeling a little too smug because when we got off in acco i led her out of the train station and outside and we started walking down the sidewalk to the bus that would take us to nahariya,joy,0
i got high in the pleasing feelings that appear deceptively benevolent like convenience or comfort,joy,0
i feel like i should have some wine or something i was amused,joy,0
i feel like i m in a frantic race with the clock and i can t figure out why,fear,2
i felt afraid just before receiving the question paper of the part ii exam,fear,2
i cant feel complacent,joy,0
i know the pain parents feel when an enraged child becomes violent,anger,3
i have a feeling mica isnt that graceful but im willing to be proved wrong and i think jan might pull something fabulous out of the bag,joy,0
i was telling her about how i was feeling a bit homesick,sadness,1
i feel like i am meant to partner up be supportive lend a hand or a heart and yet i resent this feeling,love,4
i feel so blessed that i am able to leave there,joy,0
im the type who doesnt use a moisturizer as my skin is too oily so this product is designed to contain a ton of moisturizing ingredients that will make my skin feel lovely without oils,love,4
i never had the pleasure of meeting him but i feel like i know him through his popular weekly newspaper column the ridgerunner report by jim solberg,joy,0
i feel like my life is very rich and fulfilling but i know people look at the way i live and feel some misplaced pity for me,joy,0
i ain t shot a bitch since this morning so i m feelin a little gun horny,love,4
ive been here for the last two or three months and yes i am playing with vinnie kompany but the other guys are good joleon kolo toure and they can also play well but im feeling good,joy,0
id be more use at that level which would make the job feel more worthwhile and the season is basically half as long,joy,0
i don t want to tell people how my first was with you and how you made me feel i don t want to think that you re the most gorgeous guy i ve ever seen and i love how other people disagree because i don t want them to see how truly wonderful you are to me,joy,0
i need to take my own advice and the advice of many many writers who i admire get the butt in the chair every day even if youre feeling distracted or stressed or whatever,anger,3
i leave the sooner ill feel better,joy,0
i dont know why im feeling so listless,sadness,1
i am so pissed now lol screaming silently baby sleep beside me well thats that and tody is another day and i feel like being petty,anger,3
i feel so immensely blessed that i was chosen to be little joeys mom,love,4
i feel so cranky and disconnected,anger,3
i feel damaged from just witnessing it,sadness,1
i start to feel myself become irritated when conversing with him,anger,3
i feel not heartless because my heart hurts so i still feel it i feel so much pain,anger,3
i can t help but feel troubled by this,sadness,1
i bought into what the world had told me would fill this emptiness but all it did was leave me lonely feeling confused at the emotional baggage and physical consequences i never expected,fear,2
im thankful for it and the parents because they are understanding and make me feel less wimpy,fear,2
i feel pretty pleased about all day i was worried that perhaps i should have guessed riva but i thought that this was harvey weinstein s one big chance for a win and he s really good at helping people get oscars,joy,0
i mean im actually feeling productive in the area of quilting and sewing but havent felt lik,joy,0
i feel isolated even when i m around other people,sadness,1
i would really like to be able to help out financially around the house and it makes me feel that much more useless when i cant,sadness,1
i can t be with her in portland and i feel fairly useless here in strasbourg,sadness,1
i wish that i had listened to this album back in the day because i feel like i have missed out on so many listening opportunities it is not very often you come across an album that you like the whole way through,sadness,1
i feel like i did the last time i had to break up with a lousy boyfriend in so im out of practice like junk,sadness,1
i was feeling so carefree and wanted to go and have some fun,joy,0
i along happy peaceful feeling fantastic,joy,0
im feeling horrible,sadness,1
i feel any team pretty dangerous in playoffs york left wing ruslan fedotenko notes said,anger,3
i feel humiliated when mistress watches me mince into bed wearing my frilly pink bloomers and pink babydoll,sadness,1
i am feeling anxious that im not out watching this important game that im avoiding a bar because of an asshole who broke my heart and that im missing out meeting cute boys,fear,2
i dont forget it i embrace it i dont feel pity i feel proud,joy,0
i feel sure it does,joy,0
i feel this piece is extremely resolved and cohesive making it one of the most successful arist s books i have ever seen and experienced,joy,0
i was also feeling unimportant,sadness,1
i feel nostalgic to travel away from my country my family and my friends not because i dont like them,love,4
i expect and i feel content with that,joy,0
i feel like i was assaulted by a titanium hedgehog,fear,2
i have ten years behind me now of painting professionally and i finally feel really confident now,joy,0
i am feeling apprehensive about this move and worried i have blown all my money that was meant to pay my rego,fear,2
i spent a lot of my childhood feeling completely frightened of her but i remember a lot of good things too,fear,2
i will always wake up feeling miserable and heartbroken,sadness,1
i feel funny telling you about my name change anyway gracias por todo,surprise,5
i havent really talked to anyone about it in depth because i feel like im being whiney repetetive and needy,sadness,1
i feel like im being punished and it makes me sad stressed worried,sadness,1
i feel it is unfortunate that my companion differs,sadness,1
i feel comfortable enough doing presentations in front of professors and students i am a performer so its somewhat like the same thing most of my experiences back in grade school were hard when it came to presenting because i wasnt into it or got made fun of,joy,0
i can easily wind up feeling inadequate as i look at all of the beautiful pictures and see what it seems like everyone else is doing and thinking,sadness,1
i bet taylor swift basks in the knowledge that the boys she writes songs about probably feel tortured,anger,3
i feel like i should have actively hated every single second rather than just borne it all,anger,3
i mean im actually feeling productive in the area of quilting and sewing but havent felt lik,joy,0
i was feeling extremely shitty physically this morning,sadness,1
i made an appointment with a friend to drink coffee togehter however,anger,3
i just feel so irritable which i guess is a classic symptom of depression,anger,3
i do feel sad for myself for not wanting that and thoughts extend up to a point that ill die alone,sadness,1
i wish crushing on somebody was so much easier i dislike being the emotional one i hate being the one that feels needy but i am here craving her attention and im just trying to ignore it,sadness,1
i feel as if i havent been very productive over the past six months,joy,0
i hope the pair of us harbor no hard feelings and do enjoy casual chats about the ways our lives turn out without needing to press a title into everything,joy,0
i am merely a man who will feel humiliated whenever i am intimidated by you,sadness,1
i already feel sympathetic to tatsuma and aoi,love,4
i normally like some lettuce and tomatoes in my burger for moisture in their absence in this burger made the meat feel particularly rich and juicy,joy,0
i seriously feel like a prisoner and i feel awfully gloomy when im in school thats why i always want to get out of the gates as early as possible,sadness,1
im feeling all bashful exposed and vulnerable because my blog crush is out in the open now,fear,2
ive had two shots of lupron and im feeling fine,joy,0
i dont have minutes to post something but because i feel like theres nothing worthwhile to write or anything that would slightly appeal to anyone who might read this,joy,0
im feeling reluctant to change anything because it is all working so well,fear,2
i got a handle on the story and it actually started to get a feel and shape that i liked,love,4
i love the feel of his lips on mine how i feel so safe in his arms even though im older i just love how i feel and who i am when i am with him,joy,0
i look back to the pop music from the s my childhood it still feels fake,sadness,1
i feel they are sincere in wanting to resolve these grievances,joy,0
i feel so glad,joy,0
i have good camwhore skill thanks to instagram and pudding which is anotehr super popular social apps to post all your vain picture without feeling vain because others will do the same so ftw,sadness,1
im feeling generous this morning i will share them with you,love,4
i love how a whiff of a certain scent can take you back to a certain time or place remind you of a certain person and make you feel content or nostalgic,joy,0
i never thought id feel so much as a jot of sympathy for hussein whom i always viewed as a jumped up petty thug whatever my thoughts may be about actions against his administration,anger,3
i have countless other reasons in my life to feel joyful,joy,0
i watch this clip every time i feel a bit miserable and need a laugh,sadness,1
i think about how great everyone elses life is i feel that much more crappy about mine,sadness,1
i feel is hostile kinship or mounting nausea did you know that back means the binding itself,anger,3
i woke up feeling distressed instead of rested and it can be hard to change gears after that just ask mike two nights ago i dreamed that we were at my master s graduation which was in my dream held at a water park,fear,2
i feel super rad after eating it every time,joy,0
i have an awesome husband i got to lay in bed for two days straight which i think is directly linked to the fact that im already feeling much better,joy,0
i feel lucky that there is this wonderful cheap cozy cafe in my neighborhood that serves this incredible mexican hot chocolate,joy,0
i hold the bow it make me feel cool,joy,0
im supposed to feel compassionate towards that little girl but i feel like she never existed,love,4
i asked feeling slightly wimpy,fear,2
i can understand that you may feel youd rather not do your bit for the vulnerable and homeless in london in that precise way,fear,2
i feel i rock at than i am usually devastated,sadness,1
i feel even more beaten down without the encouragement and am afraid i might try to hide from the world in bed feeling like i ve already lost,sadness,1
i feeling handsome q where is this lyrics from oh when you look at me like that my darling what did you expect,joy,0
i feel so weird not saying goodnight to mike,surprise,5
i listen to people explain their frustrations with dating or how they re feeling rejected after a possible date didn t materialise or not getting pas,sadness,1
i feel petrified about his future,fear,2
i think my hair is feeling confused,fear,2
i always feel quite smart when wearing this,joy,0
i know im making a big deal out of it but i feel quite shocked that i can drive,surprise,5
i indulge in doing some work i forget about the time trust people easily feel restless until my work is been finished,fear,2
i feel a lot of positive intention behind it,joy,0
i feel weird when yuuki talks to other girls,fear,2
a relationship in which i had put my trust,sadness,1
i was sitting in class on tuesday afternoon and all of a sudden that same feeling came over me a delicious feeling of being slightly out of control and out of my depth a thrill of adrenaline that left me weak and drained yet excited and inquisitive all at once,joy,0
i feel so neglectful of my new followers but all i care about is that it s cat stevens b day,sadness,1
ive been feeling a little bit anxious of late as far as my relations or lack thereof with some of the ward and some of the investigators go so im excited to be able to ponder that in the temple and see if i can come up with a plan with the lords help,fear,2
i was really upset when he went away though i can understand how he must feel and i wont be greedy and pester him about it,anger,3
i feel a bit timid about using this blog because i know that other classmates and even complete strangers will be able to read it,fear,2
i feel now so uncomfortable with all of them i guess is me,fear,2
i pray for those who are feeling unloved and lonely,sadness,1
i remember the same giddy feeling of contented good fortune lucky lucky me here safe in our cozy home watching my fabulous man head off for the day knowing he ll be coming home to me in a few hours,joy,0
i really hope you like my card and feel inspired to make christmas cards and a href http papermakeupstamps,joy,0
i feel so cold here,anger,3
i have found this site to be a huge help to keep my in the moment when im feeling stressed or missing drinking,sadness,1
i was intensely conscious of how much cash i had left in my gas and food envelope and i still have what i intended to save for next week which helps me not feel so stressed and scared,anger,3
i feel bitchy because i am hurting too,anger,3
i feel as though ive been robbed because much of my summer was not so pleasant and although i started with grand ideas about projects that would be done and structure that would be kept and clever new places that we would go,joy,0
i don t want to tell people how my first was with you and how you made me feel i don t want to think that you re the most gorgeous guy i ve ever seen and i love how other people disagree because i don t want them to see how truly wonderful you are to me,joy,0
i feel so nervous about being around people being with someone,fear,2
i am starting to feel like a worthless person,sadness,1
i feel ludicrous even thinking these things,surprise,5
i started feeling reluctant to go because i wanted to spend some time with my family before i left,fear,2
i feel guilty for complaining about my life knowing that there are people out there who have it much worse than i do,sadness,1
i even dare to say that some of the biggest stiller and or vaughn haters still could get some enjoyment out of this movie and not feel annoyed by their performances and characters,anger,3
i feel what the law states suggestions is optimistic and beneficial for employees specially all those who wish to rapidly through ramadan he or she said,joy,0
i am being told i should feel satisfied because i am in good standing with the powers that be,joy,0
i feel doubly honoured because both river of a href http river driftingthroughlife,joy,0
i hope the pair of us harbor no hard feelings and do enjoy casual chats about the ways our lives turn out without needing to press a title into everything,joy,0
i feel taller leaner and more graceful,joy,0
i feel a little more confident about doing it at school now,joy,0
i still have feelings for him only broke up for a month or so we re friends at the moment and i want him back as well,sadness,1
i bring you opis im feeling sashy a gorgeous cool toned grey purple lavander creme,joy,0
i feel free exhilarated,joy,0
i lay here still awake i find myself feeling unhappy,sadness,1
i would feel miserable but i believe this misery comes from me not placing my faith in the works of christ,sadness,1
i can feel it weighing on me filling my thoughts as i try to do homework or help out at special olympics,joy,0
i can t help myself from feeling a bit apprehensive in the meantime,fear,2
i still wake up every morning feeling so blessed to be here and unable to believe im lucky enough to be able to call this amazing family mine for life,joy,0
i always think say now feel a little hesitant i always think say now feel a little hesitant posted on may th by admin,fear,2
i am thankful that i feel well emotionally,joy,0
i was feeling melancholy on a cloudy rainy lonely easter sunday,sadness,1
i cannot in good conscience encourage my young kids read stuff from someone i feel is so vile no matter how good it is,anger,3
i often find myself feeling assaulted by a multitude of sense impressions,fear,2
i feel envious of ryota and keita going to the same school smiled kota,anger,3
i do find new friends i m going to try extra hard to make them stay and if i decide that i don t want to feel hurt again and just ride out the last year of school on my own i m going to have to try extra hard not to care what people think of me being a loner,sadness,1
i feel like ive been kinda listless,sadness,1
i felt this way before i was feeling rather reluctant whether should i go down to bishan to fetch my boyfriend,fear,2
ive lost lbs between january of this year and now i have this wicked part of me that feels very keen to try on new clothing and to tell myself that i deserve new clothing,joy,0
i really shut myself off a lot at the end of my pregnancy when i was feeling even more irritable and anxious so maybe now i need to bounce back from that and get back to normal again,anger,3
i feel that in a there is a sense of kenya openly interacting supporting shiraishi instead of just happening to pat shiraishi on the shoulder,joy,0
i wont be so sure to feel optimistic about this either,joy,0
i feel dirty even admitting that ive seen it much less own it on dvd,sadness,1
i tell that to has some story about someone who had an awful time conceiving baby but then baby was easy peasy and that just doesnt help me feel better at all,joy,0
i feel like this vile thing brooding gnawing deeper in spirit,anger,3
i see food weight gain and feeling punished rather than why i have this need to be in control at all times you know those pesky underlying issues,sadness,1
i only feel frightened and these are such small things,fear,2
when i learnt that i had been accepted at the medical school,joy,0
i feel so embarrassed of myself for even having the nerve to post them all up for everyone else to read,sadness,1
i need to feel assured i need to feel secure,joy,0
i went to dads caught up with alice watched idol which was extremly crap and boring i dont know why i watch it but i feel like i need to be loyal to it,love,4
id put most things in boxes yet having among other things one hundred and twenty of them books i wasnt reading made me feel guilty like i should know everything in them,sadness,1
i feel joyful and not feeble,joy,0
i can t begin to express the feelings this doomed romantic vision stirred in me the seeds which grew through a lifetime,sadness,1
i can understand her feelings and greatly value her passionate approach to life and while i benefit daily from her ability to empathize with my own feelings i seem to lack the capacity to return that gift to her,love,4
i dont know who i like i feel so bitchy and flirty,anger,3
i turn feeling ridiculously awkward and very self conscious to face zayne,sadness,1
im sure that the folks in virginia florida and the other handful of swing states agree feel not only put upon but insulted by the constant barrage,anger,3
i have no money to sort any of it out and i feel very messy,sadness,1
i not now creative muse feels so low lack words to haiku for haiku heights prompt confession p,sadness,1
im thinking that a lot of the technology and ideas expressed in this movie will seem trite or old fashioned one day or maybe they they feel that way now but the care and artistic flourishes in every minute of this film will never go out of style,joy,0
i still dont feel like finishing typing about it but i just know my legions and legions of loyal readers have been clamouring for the exicting conclusion to my disney vacation,love,4
i feel selfish but she would insist,anger,3
i am feeling super excited as the weeks seem to be flying by and we are getting closer and closer to our due date,joy,0
i see my favorite person suffer and there is nothing i can do to take the pain away i feel useless,sadness,1
i feel like god has been gracious in answering prayers,joy,0
i hang out i leave feeling energized and happy,joy,0
i know that obrian can do good characterisation as evidenced in his main characters it just feels like he couldnt be bothered to extend that to the rest of the crew,anger,3
im feeling so disillusioned with it all right now,sadness,1
i feel that the pace was slowing and for a book that is rich in world building and setting up future plots this is an added bonus,joy,0
i hate that feeling when im about to do something then i get scared and almost turn around and walk away,fear,2
i feel very disheartened today,sadness,1
i think i forgot that and that anyone who didnt feel enriched with me in their life should be welcomed to leave me,joy,0
im feeling glad that we got that first show out of the way and its in the rear view mirror,joy,0
i could go on further but i feel like i ve tortured you enough for one day,anger,3
ill just say it i feel horrible about my body,sadness,1
i feel like im too frickin uptight to let loose enough to love anyone else or more importantly myself,fear,2
i could just be who i am and feel accepted for being myself,joy,0
i was joking around and feeling good and the next hour i would feel horrible,joy,0
i do not feel useful,joy,0
i feel like it gave me a lot of valuable information on ways i can improve my skin in the present and maintain and improve it in the future,joy,0
i have to admit i am afraid that i cannot do that one thing that can make you feel contented,joy,0
i do sometimes feel like im in this strange in between world,fear,2
i feel so honored and grateful that these wonderful people have entrusted us with this beautiful boy as our son,joy,0
i feel like i have to be a perfect person because trust me i dont want to be perfect,joy,0
i feel when i recall fond memories of trips spending time with family,love,4
im sure you know the feeling of cant be bothered i just feel poo,anger,3
i said feeling a little shaky as i stared at the ocean from which the goddess was rising not knowing why,fear,2
i feel devastated for a young man,sadness,1
i was still looking out for good causes that i feel passionate about to volunteer and again last year when a friend introduced me to an organization that packs food rations for needy families,love,4
i had this gut feeling that i was going to be ok,joy,0
i have still been feeling numb i cant feel myself chewing or swallowing food,sadness,1
i cant decide how i feel about some of the supporting roles particularly the girlfriend and alfred molina both quite funny but were they one dimensional caricatures or legitimate characters simply overshadowed by a fantastic lead,love,4
i feel sorry gary today pm a href,sadness,1
i just feel so awkward and i know i am awkward with them,sadness,1
i do love life and i do love to laugh and i enjoy the funny side of things because honestly if i dont look at the funny side of things i would spend the majority of my life feeling pissed off over the stupid things that people do,anger,3
i feel a sense of loss when an extremely talented and passionate engineer who wants to work on certain dsp design eventually takes up a job at a financial number crunching software company only because he did not get the right kind of job,joy,0
i am starting the menopause constantly suffer with mood swings temper floods of tears unable to sit for long periods and concentrate feel constantly weepy and on edge feel unable to cope with the day to tasks of ordinary life,sadness,1
i have been feeling restless and not quite grounded,fear,2
i am now nearly finished the week detox and i feel amazing,surprise,5
sometime back another girl who was in terms with my exboyfriend came to shout at me at twelve midnight it was because she thought i was still interested in the boy,anger,3
i feel optimistic about the remainder of our time in the military,joy,0
i feel the isolation and despair of the rejected,sadness,1
i seriouly feel i am not being respected i dont have my privacy i am being ordered around,joy,0
i dont think he touched my penis but i just remember feeling very helpless and that trust was violated,sadness,1
i would be feeling i am genuinely shocked and surprised that he just hit jude,surprise,5
i am feeling suspicious lj cut text suspicions,fear,2
i feel better i dont for a little bit,joy,0
i am sure she is feeling all alone imagine i just take the whole house in my head when i have fever,sadness,1
i feel like a greedy person for liking two people,anger,3
i feel anguish for a family that was assaulted raped and systematically assassinated by u,fear,2
i feel the meal was incredibly pleasant for both of use,joy,0
i think for myself i feel everyone is greedy but in their own little ways whether that is going for the good or bad way thats another issue because usually you link both together but right now im trying to separate both issue separately so we can see the sole topic more cleary,anger,3
i feel shocked have i become that old,surprise,5
i am no i feel melancholy despondent often angry,sadness,1
i remember feeling paranoid,fear,2
im sure that oft feel ignored after a summer of planting weeding and harvesting have occupied our hearts hands and minds,sadness,1
i feel the eyes on me the hateful eyes on the other side of the glass that belong to the family members of my beautiful victims,anger,3
i wrote deepika feeling very discouraged and thinking this silhouette just would not work for me,sadness,1
i find myself seeking and yearning for love and acceptance from people that can not provide it and then being disappointed when i am alone and feeling unloved and unworthy,sadness,1
i lay reading by headlamp and feeling the tent shaken as if by a giant hand,fear,2
i feel like kierkegaard a hated and lonely philosopher,anger,3
i got the feeling that the person on the other end hated me,anger,3
im feeling distracted i tend to practice with my eyes shut as much as possible,anger,3
i was feeling wronged and impotent,anger,3
i feel so honored to have this wonderful man as my husband,joy,0
i feel like these lenses look so cute,joy,0
i feel greedy about my work img height src http forums,anger,3
i am feeling foolish for taking lb to the e,sadness,1
im not really feeling it so far though i think i liked the film better,love,4
i can write about it in my journal or something i am good at keeping a secret from the world no it depresses me and although i feel idiotic happiuness is bliss i watch the news,sadness,1
i feel exhausted but i get my workout in,sadness,1
i know what happened might still feel real feel dangerous but i don t plan on going anywhere any time soon,anger,3
i am feeling very sentimental and i am going to miss college i am thrilled about this new upcoming adventure,sadness,1
i dont know if he ever cheated on me but it does looked like it cause he has known her for years and i appear in his life around that time and it makes me feel mad,anger,3
i instantly feel rejected,sadness,1
i feel safe encoding utf locale en isprivate false ismobile false mobileclass isprivateblog false languagedirection ltr feedlinks link rel alternate type application atom xml title i could use a standing ovation could you,joy,0
i do feel that running is a divine experience and that i can expect to have some type of spiritual encounter,joy,0
i finally feel excited to continue to try to lose some weight,joy,0
i have succumbed to the dreaded commuter virus and feel altogether a little bit rotten,sadness,1
i could put a full thought together and didnt feel so lethargic,sadness,1
i accepted his apology because i feel like he s remorseful for how he treated me,sadness,1
i am still working through the guilt of feeling selfish for self preservation without the justification that i must survive to bring up my babies,anger,3
i only ever wanted to make him happy and he made me feel so stupid,sadness,1
i feel bitter theofilou said of the lack of support to nods of agreement by kastrioti who waited for her turn to board,anger,3
i can live out my values instead of just being crushed by debt feeling rejected and feeling empty,sadness,1
im feeling quite lonely here now and its only monday of half term,sadness,1
i feel petty posting with my own complaints right now because its not like i was kidnapped when i was years old and forced to make easter creme eggs for the rest of my life,anger,3
i feel more happy inside on a scale i would say a,joy,0
i feel lola falls under this strange demographic,surprise,5
i went for the large double double along with a chocolate chip muffin i was feeling dangerous,anger,3
i no longer feel like a pathetic sad fat girl who cant eat nachos every day,sadness,1
i feel like nobody is giving me a chance to explain and accept that i am never going to be happy doing what they expect me to do,joy,0
im just feeling more generous as i get older,joy,0
im feeling stressed retail therapy is the way,anger,3
i feel offended by that statement,anger,3
when i saw a man hitting a child of years without any consideration,anger,3
i feel lethargic i just feel blah but when i m on the diet i feel great and have so much energy,sadness,1
i feel like theres nothing in my life empty,sadness,1
i should probably mention so that you aren t feeling left out that the lunch was in celebration of the top participants of the take the lead speech competition another reason to enter the competition the food was delicious and the conversation was amusing,joy,0
i was in i could feel him and i hated the drawn tight feeling i had,anger,3
i immediately reacted to that image feeling it was more a mark of kubricks ego than a clever nod to a film gone by,joy,0
im feeling hot already after tackling the front hedge,love,4
i hate these feelings of not being complacent,joy,0
i don t recall ever truly feeling sorry for myself or playing the victim and if i did it was short lived and i would move ahead,sadness,1
i feel like that fact is being abused,sadness,1
i was feeling a bit rebellious today,anger,3
i like sonam deepika and genelia who i feel are very talented and beautiful,joy,0
i feel so honored to know all of you,joy,0
i feel like its important to vote on all of the local stuff,joy,0
i feel like i am abandoning him in a way but he is so supportive of the move,love,4
i have a feeling he is much more talented than i am,joy,0
i got really fucked up last night i got really really really fucked up on loads of downers it was such a bad idea such a bad idea i feel like a neurotic mess right now i cant handle it i cant handle it i cant handle it,fear,2
i supposed i ought to feel thankful for that adding with a sarcastic edge at my age,joy,0
i was to worried about them knowing if i was high or not and feeling a little paranoid and i have never never been that type of person that would think and care about what people think about me and would always focus on what i had to do to get to where i needed to get in life,fear,2
i could also feel very bad about myself for not being able to keep up,sadness,1
i feel like im presenting myself in a less hostile manner now when i am dragged to an event or gathering full of stupid fake people,anger,3
i want to stop feeling so worthless,sadness,1
i actually feel like everything is going to be ok,joy,0
i instantly feel anxious that a police officer is going to pull me over,fear,2
i do feel like the blank slate leads for a ton of possibilities which gets me really excited,sadness,1
im talking about stored up hurts and pent up rage at the feelings of feeling not accepted insecure marginalized and not belonging anywhere,love,4
i first held my scotty i knew i was in love with my high priced bundle of joy but i couldnt help feeling apprehensive about what the time to come holds,fear,2
i still feel really regretful for leaving,sadness,1
im overreacting or perhaps the feeling i felt was just an amplified reaction to the way she has ignored almost everything ive said in class or the stupid smile and her tone she has been using in those rare cases she hasnt ignored me,sadness,1
i feel so blessed as i ve said numerous times before that i have met so many nice and caring people through the blogging world,love,4
i love the way i just look into her eyes and feel assured,joy,0
i feel annoyed by that girl,anger,3
i smile people smile back and tell me they feel a little cheered up seeing me being jolly in the morning,joy,0
i was feeling pretty impressed with my potential new boss,surprise,5
i feel jaded at some point of time,sadness,1
i feel fucking terrific after,joy,0
i havent had dinner but im also feeling pretty lethargic so im not sure thats going to happen at all at this point,sadness,1
i am feeling a bit miserable or passionate about something its all just in the moment,sadness,1
i was supremely happy i hear the first few notes or bars of the song and i feel the emotions and smell the fragrance of that happy time,joy,0
i think you would all agree that feeling your toes and fingers go numb is perhaps one of the most unpleasant feelings ever,sadness,1
i have been taking it slowly going at my own pace and not feeling pressured to finish or catch up and im not looking for a miracle cure,fear,2
i feel embarrassed by it,sadness,1
i feel like life is very delicate,love,4
i am feeling cranky today is due to me not getting enough sleep due to the unexpected long outing yesterday night,anger,3
i always feel that accessories are the most important part of an outfit as they really pull it together so ive tried to choose jewellery which adds a little bit of sparkle to the outfits without being too in your face,joy,0
i feel even more determined to educate about self breast exams and to get your yearly check ups they can and will save your life,joy,0
im sick of the fact that in the few and far between times i feel i can depend on someone because i am so stubborn and proud never want t but sometimes it happens they let me down,anger,3
i used to always throw out twd as an example of dual excellence whenever anyone would defend some tedious issue superhero story but recently i feel like the single issues are suffering a bit,sadness,1
i was still feeling optimistic at this point,joy,0
im feeling pretty annoyed with the whole thing i decided to share those reasons we rejoice,anger,3
i venture back up north and for the big day i m feeling very festive,joy,0
i am feeling completely useless lately,sadness,1
i never thought id feel so much as a jot of sympathy for hussein whom i always viewed as a jumped up petty thug whatever my thoughts may be about actions against his administration,anger,3
im not crossing things off ever growing to do list i feel like i keep making stupid silly mistakes in all areas of my life amp im just tired,sadness,1
i t want t know f t habitual t feel frightened wh n initiation r career,fear,2
i know will be less welcomed by some who feel that we need to be ferocious and brave and show the wizarding community that we will continue our work to rid england of mudbloods and half breeds and whatnot,anger,3
i do feel a shift in me to being more positive,joy,0
i feel as though my sub arguments are stronger and i support my claims better than i did in the beginning,joy,0
im feeling very defeated negative and what is the point of it all today,sadness,1
i now can t help but feel like i ve been sloughed over like an unwelcome burden kathumped on the ground,sadness,1
i feel so perverse,sadness,1
im not feeling deprived at all although i do wake up ravenous in the morning,sadness,1
i have some minor neuropathy going on in my fingers and my fingernails feel funny sensitive so that might mean that i could be losing them soon,surprise,5
i feel so dirty in you i crash cars br style background color white color font family georgia times new roman times serif font size px line height,sadness,1
i was getting motivated about losing weight and getting healthy and wearing that outfit and feeling fantastic,joy,0
ive been waking up to a bladder that feels extremely unhappy and i found any type of exercise made it worse or definitely irritated it,sadness,1
i set off feeling strangely nervous and quite weak but slowly worked through the problems and was soon attempting the toughest problems,fear,2
i feel energetic and bouncy i m more than happy to go to the gym run around outside with my kids or take the pram for a long walk often i do all three in one day,joy,0
i only cry when i think how guilty youll make me feel and yes ive fucked up a million reasons for shame and im sorry,anger,3
im still feeling intimidated but i feel like i do actually have something to say,fear,2
i feel sure the majority would go for ios on a galaxy sii or a lumia,joy,0
i feel that this is a very important subject to discuss,joy,0
i was really feeling shitty both physically and emotionally and it even took me some time to realize that a nailart session would have been the right positive treat to cheer myself up,sadness,1
i feel excited for this episode,joy,0
i feel suspicious of wrinkle prevention beauty products for some reason,fear,2
i receive the good news in joy like the magi or do i feel threatened by gods message like herod,fear,2
i feel quite sure our paths will cross again,joy,0
i felt this way before i was feeling rather reluctant whether should i go down to bishan to fetch my boyfriend,fear,2
im already feeling sentimental about his time as a newborn as he was so wee and has sadly outgrown some fave thrifted outfits,sadness,1
i don t want to mention the afternoon because i am a highly conscientious person who would hate like to make you feel that unsuccessful,sadness,1
i found having old pip constantly on stage rather disruptive he sometimes reacted along with young pip and sometimes didn t he sometimes moved position in dramatic scenes and he just left me feeling rather awkward,sadness,1
ive been feeling a little stupid because i dont know how,sadness,1
i am thankful for my job and feeling so blessed everyday,joy,0
i have only been blogging here for a short time in fact today marks my three month blogoversary but i feel that i have been accepted into this community,joy,0
i need to manage my spending money more wisely but im feeling uncertain and stressed as of late,fear,2
i wondered if inside there was more of that initial warmth i felt that poignant piercing penetrating feeling that despite being a figment of the computer suspiciously felt pleasant,joy,0
i feel very socially anxious around these ladies,fear,2
ill think i thought it was its just that theres so much mess on a daily basis that its starting to feel less like a bit of charming untidiness and more like an episode of hoarders,joy,0
i feel even more pressured to cook healthy meals and not eat out do thorough preschool lessons with my boys keep the house spotless exercise serve the church and community and be a happy loving wife at all times,fear,2
i might feel a bit proud if i had one on my left wrist as this is a turbillion watch made in hong kong,joy,0
i feel so thankful for all that ive experienced and the company in which i embarked it on,joy,0
i was curious why paying for two large sandwiches would make him feel respected,joy,0
i feel pained if people are making this kind of statement,sadness,1
i feel like a regretful soul,sadness,1
i am just so sick of feeling hated and lonely and dumb and unloved and forgotten,anger,3
i was feeling kind of discouraged because nothing happened,sadness,1
i end up feeling exhausted for all the rest of the day,sadness,1
i have an overwhelming feeling of sadness that there are people in this world that are so hateful,anger,3
i press play and yeah i watch my movie about five times in a row right then and there i feel satisfied and cant wait to share what i made with my friends,joy,0
i received a lousy results slip ive decided to retain i had the worst first few months in school i made friends in class friends who made my life easier in school who made me feel more accepted in the class,love,4
im not going to gush too much about the relationship but just know that im feeling very content these days,joy,0
i understand that sometimes historians grow attached to the eras or personalities they study but i feel like this goes beyond a casual and predictable infatuation with the civilization and its history,joy,0
i know i feel a sense of obligation to be loyal to the us canada and taiwan depending on whether or not you think the last is a country,love,4
i got lots o crazy shit going on but i am loved and feel hopeful about the future,joy,0
i sort of feel like one of those people who was unfortunate and lost their father when they were and life goes on,sadness,1
i want be there when she passed away or when she was not feeling good and same with my brother and other grandparents,joy,0
i mean genuinely appreciate and show him how happy it made you when he did x and that it made you feel y he will want to keep doing things to make you happy,joy,0
i was beginning to think that i had been cut from the ranks of the frugal antics improv challenge and was beginning to feel a bit insecure about my first entry last month,fear,2
i feel low and lost and lonely on a grey day,sadness,1
i feel honoured to have won a few prizes this year in a local photography exhibition and have recently been asked by getty images for quite a number of my photos to be part of their world renowned collection of photographic images,joy,0
i am thankful that she continues to feel comfortable talking about with me and journaling,joy,0
i am in caretaker mode i feel disillusioned with the computer,sadness,1
i feel like i can and have accepted that but will others,love,4
i feel like it gave me a lot of valuable information on ways i can improve my skin in the present and maintain and improve it in the future,joy,0
i also need to remember how bad overeating makes me feel not just the fullness but the hangover i get from food thats too rich or too sugary,joy,0
i have a feeling this is going to be really long and obnoxious,anger,3
i feel after reading allthingsbucks blog which brought tears to my eyes and a lump in my throat and a feeling of not having a worthwhile thing to be upset about that i shouldnt write such a lame blog,joy,0
i feel that barker is successful in showing the horrors of world war one,joy,0
i feel pressured helpless because i dont have control over this,fear,2
i sometimes feel very vulnerable,fear,2
ive learned how to turn off all my emotions more and more and i often find myself feeling completely blank while my mother is crying continuously over my suicidalness,sadness,1
i wanted to avoid feeling rushed,anger,3
i write when i m feeling low,sadness,1
i sorta feel like everything is so delicate right now,love,4
i think we all feel very passionate about our favorite workout gear and i love seeing what other people love need have to have can t live without so i am hoping you will share your favorites in the comments,love,4
i am thankful that our incomes let us contribute to causes that we feel are important,joy,0
i am feeling terrible,sadness,1
i am looking forward to it unless i feel out of place though i have been assured i will fit in,joy,0
i feel like the hood makes the sweater too casual to wear to work and so i just don t wear this sweater,joy,0
i sleep in a dreamy state waking up feeling dazed every now and then yet the cyber slut in me craves to creep up on here every evening,surprise,5
im feeling more lively now,joy,0
i sit here looking at the sentence i just typed i feel quite shocked,surprise,5
i am feeling incredibly restless,fear,2
i was feeling awful because it felt like i was pushing really hard to maintain the pace which sounded really slow,sadness,1
i feel so horrible that you had to go through all that just because you grew up a little earlier than your friends,sadness,1
i feel your soul in mine calling for our beloved,joy,0
i feel like a letdown and i feel like i allow myself to be hurt,sadness,1
i know how it feels when i have read someone suffering in pain mentally,sadness,1
ive found my interest in s u waning and ive even come away from some portrayals of their relationship feeling dissatisfied,anger,3
i have essentially at least in my mind solved these design problems i just don t fucking feel like working them out in all their iterations i just feel like i can t be bothered leave that shit to the junior designers,anger,3
i feel suspicious of innanimate objects and as though my house is actually the set of a play or a movie or some kind of model of itself and how did i come to be here and why is that carpet looking up at me like that,fear,2
i feel calm with her,joy,0
i am feeling very anxious about going to therapy w,fear,2
i feel weepy a lot,sadness,1
i know that i will find a job and god has a plan but im feeling a little uncertain about everything at the moment,fear,2
i could feel the envious eyes and hatred stares of the women wising they was in my place at the moment,anger,3
i no longer had to walk through the alleys of the slowly gentrified ghettos of my city to find one artist with a muffin top who took nude photos to make me feel like my body was acceptable and sadly not unique,joy,0
i feel to my father in heaven and to your mommy for your sweet life,love,4
i look back on that i feel amazed that at such a young age i could just pull it together like that,surprise,5
i cant blog if im feeling inspired and once i do blog i lose inspiration,joy,0
i feel like it wasnt that bad but i probably wouldnt have told you that in the moment,sadness,1
i am feeling more and more dissatisfied and anxious about this self imposed weekly deadline,anger,3
i am feeling shaky and tired i feel like i do when i go on a long run without eating and come home and just really wanting a banana or some gatorade,fear,2
im sure there are not actually multiple people looking at this crap right now but basically i feel the urge to share something with the few unfortunate people who are probably as bored at work as i currently am,sadness,1
i attended a free individual academic consultation which has helped me manage my time efficiently so i can fit my classwork activities and social life all in one day without feeling completely stressed out,sadness,1
i came down into the kitchen of my childhood still in a dream i was like a mini baby on the kitchen table and i told my mother that she should expect to get this kind of a damaged child because she was so narrow and unwilling to feelings and emotional support,sadness,1
i feel terrified of the future,fear,2
i feel very stunned that people got it in a big way,surprise,5
i continue to succeed in something and having someone seems unattainable because i feel men will be intimidated or when there is a prolonged moment of silence,fear,2
i hate being so hungry and weak that i feel stubborn and dont want to do anything productive,anger,3
i no longer had hard feelings for and very luckily and unexpectedly met this sweet and interesting girl on tumblr who is an aiw fan but she also runs a wonderful alice in wonderland blog called she still haunts me phantomwise,joy,0
i just feel more dazed and alone in the end,surprise,5
i guess i should feel appreciative of that,joy,0
i feel like such a confused person lately sigh,fear,2
i recognize that the fear im feeling is not from the lord and does not come from a place that is trusting and hoping only in the lord,joy,0
im frightened and feeling paranoid,fear,2
i am feeling apprehensive about this move and worried i have blown all my money that was meant to pay my rego,fear,2
i slapped him because feelings are dumb,sadness,1
i am feeling vulnerable worrying that the publishing world doesn t like my stories and won t like this next one if i write it,fear,2
i feel terrible but i can t even remember all the girls that came to pray with me last night,sadness,1
i turned in for the night feeling about as mellow as could be expected given the circumstances,joy,0
i had on my plate without the stress of feeling completely overwhelmed,surprise,5
i feel like he forgets he has a faithful girlfriend back home and just parties on the weekend and acts like he s single,love,4
i feel determined to offer her all the possibilities that my parents gave me to explore and create my own path,joy,0
i often feel dissatisfied with such discussions partly because of the persistent everyone is beautiful nonsense but partly because they rarely go past the effects of advertising on body image,anger,3
i feel rather petty that i just dont have time to have someone talented like christine make it,anger,3
i feel really wonderful about myself and love the life i live,joy,0
im feeling stressed and tired and after that flight i really dont want to get on another one,sadness,1
i feel you caring even if you will insist you are mean,love,4
i could easily describe this transformed feeling as hopeless but it was an anesthetized type of hopelessness,sadness,1
i experienced that feeling that people get when they are charmed or attracted to someone and that time was enough and a blessing in itself for me,joy,0
i go shopping i feel like julia roberts in pretty woman,joy,0
i know that i will always feel a little bit strange and out of place in the academy,surprise,5
i kept staring at her quivering flower feeling that it was like a violent flower in time lapse photography a flower shivering with vigorous growth as it accelerated out to the flickering sun racing sky heralding the end of our relationship before it had even started,anger,3
ive learned that people will forget what you said people will forget what you did but people will never forget how you made them feel she showed that our creative work can be a way to show kindness,joy,0
i started to feel that irritated feeling,anger,3
i am feeling very unloved,sadness,1
i feel disturbed when i see people break into pieces right in front of me because of love,sadness,1
i know this is supposed to come across as funny but i can t help but feel sorry for the poor guy,sadness,1
i had planted about trees and was feeling very virtuous hot and thirsty,joy,0
i believe most teenage girls feel like when they are influenced by the popular crowd and just want to fit in,joy,0
i feel discouraged and beaten down i do better when i can pray about it obviously and then call my mama and friends,sadness,1
i do think that men maybe feel that they expect to get rejected because at the same time men might act like they call the shots but women definetly do,sadness,1
i always had to eat everything on my plate and ate and ate and ate without feeling satisfied,joy,0
i actually feel pretty good,joy,0
i feel shaken by it and im far far above the age group targeted,fear,2
i can remember when cammie was a couple of months old looking at her sweet innocent face and just sobbing thinking about her going to school the thought that someone would hurt her feelings be unkind to her be unfair to her the thought that a teacher might be mean to her or not love her,anger,3
i feel privileged to be amongst this new culture and learn new things,joy,0
i took a chance and kept crying in hopes she might feel benevolent,joy,0
i would feel differently if i believed that the leaders were perfectly truthful,joy,0
i look to balance commercial titles with those that i feel could support a more artistic interpretation,joy,0
i just feel so inadequate today,sadness,1
i grappled with was guilt that relatives and friends who usually communicate with me there would feel like i was ignoring them and i felt selfish still posting my burlesque and blog updates there without liking their photos and links,anger,3
i believe are sincere on both parts but we have seen time and again that logan probably feels much more devoted to her than she does to him,love,4
i really hope you guys can understand that some of the things i do is really because i feel either rejected or not right at the place,sadness,1
i feel like i should be spending this precious last half hour of ness and doing something fun and interesting to roll into my new year and by not doing so im letting myself down,joy,0
i see are self centered statements about you and your feelings and your looking for a sympathetic ear from anyone that will listen,love,4
i had a feeling you were in need of a gorgeous envy,joy,0
i was canning tomatoes and feeling nostalgic,love,4
i did feel pretty cool when my wifes coworkers showed her the design on pinterest and she said my husband was the designer,joy,0
i also wear them when im wearing a dress that makes me feel slutty feels like those antique underwears but obviously a little bit more edgy or maybe a little bit more than a little bit,love,4
i is so brave to express her feelings for tomoe despite being rejected,sadness,1
i started feeling sentimental about dolls i had as a child and so began a collection of vintage barbie dolls from the sixties,sadness,1
i feel that each point is equally important than each,joy,0
i feel a conection between my beloved letter and the beloved envelope that i have customized,joy,0
i felt so deep in my heart that that love was not lost that caresse was my way to be in touch with the rest of universe that love as hate as all the strong feelings are never vain and never lost,sadness,1
i can already feel the dull atmosphere really,sadness,1
i am nauseous and dizzy and feel all gloomy or at least not attached to my body anymore,sadness,1
i have no idea if this is interesting for anybody to read but i found myself smiling like a fool laughing at some points and feeling overwhelmed with gratefulness,surprise,5
i feel lonely i remember my moms saying,sadness,1
i really appreciate his protectiveness and slight jealousy over my attention it makes me feel valued,joy,0
i just feel like i m being a total pushover at the moment which anyone who knows me knows that i m not a pushover generous and willing to give the benefit of the doubt but not a pushover,love,4
i felt better on thursday and today friday felt good enough to come into work though i still feel kind of shitty and foggy,sadness,1
i love photographing this gorgeous family the love they feel for each other is so strong it radiates around them,joy,0
i am feeling lost for not being on a regimented strength program,sadness,1
i feel very low already,sadness,1
i just wasnt feeling it so i willfully broke my routine,sadness,1
i wasnt feeling mad at god or angry for him allowing this to happen to me i was just sad,anger,3
i feel burdened with the subjects i am taking,sadness,1
i feel a little uptight because i have to really be conscious and careful about everything that happens,fear,2
i murakami but the first that i feel captures what makes him so beloved by his fans,joy,0
i feel amazing about tonight,joy,0
im re reading that sentence and feeling foolish,sadness,1
i often feel bothered by it by my inability to stop loving people no matter how much time passes or how deeply they wrong me,anger,3
i wondered if i would feel a bit lost when i got to the end of the programme but at the same time i was looking forward to running to my own music and setting my own goals,sadness,1
i feel i am suffering from several related factors that in regarding treatment acne less likely to remove scars left behind by proving your diet and extract,sadness,1
when i saw all the starving people in ethiopia on tv it felt awful to see such suffering,anger,3
i feel like ive become more relaxed as a parent,joy,0
i feel virtuous for going to spin class then driving all the way to blackburn in the manual unsupervised and sucessfully handbrake starting,joy,0
i don t feel particularly inspired,joy,0
i will go to my mailbox and talk to the mailman then the grocery clerk etc but no matter how small the step or how limited the risk a complete and total willingness to experience whatever thoughts feelings and sensations emerge is important,joy,0
i remember hating walking from the car to the my classroom feeling judged and ugly and jeered at with every step,sadness,1
i am feeling super fly,joy,0
im feeling romantic towards not another relative friend coworker,love,4
earth crake,fear,2
i am going to clean the slate by unilaterally forgiving those i feel have wronged me or someone i love intentionally or through carelessness so that i thereby in time can forget the perceived insults and abuses,anger,3
i can take away from this experience is that slowing down is not a bad thing feeling like i cant do things sucks but choosing to not do them is just fine by me,joy,0
i left the talk feeling nervous that we had taken the brief in the wrong sense but we were in a situation where we had already invested to much time into the project that there was no going back,fear,2
i was feeling paranoid as fuck thinking people would be out looking for me,fear,2
i once told my friends that i feel like doing some sort of backpacking but instead of supporting me with this idea all i got from them were raised eye brows and some sarcastic remarks,joy,0
i was in the bathroom i had sat down to pee it was to make me feel submissive again per instructions,sadness,1
i feel virtuous expressing my fears of contamination,joy,0
i remember feeling equally dazed and road rollered when the twins came home and that was with the pee and poo all neatly tied up in diapers,surprise,5
ive been feeling very numb,sadness,1
im desperately trying to stay away from black so i really am feeling proud whenever i put together a colourful outfit,joy,0
i felt disgust of dirty,anger,3
i dont really care about just because i can and thats what feels rotten,sadness,1
i feel heartbroken for bryan,sadness,1
i remember feeling awkward and strange during my first few weeks,sadness,1
i feel a bit depressed,sadness,1
i dont know what next year will hold for me and my free author promotion but for now i feel pretty special to be a part of a writing community where my author friends trust me with some of their most precious possessions,joy,0
i am very motivated to learn from the lessons of history because otherwise i feel that we are doomed to repeat the same mistakes,sadness,1
i didnt feel like i missed anything at all,sadness,1
i find myself feeling shamefully skeptical of the wisdom of popular gurus especially when it comes to persuasively explaining seriously complex phenomena even when its offered to standing ovations coming from cheering audiences,fear,2
i feel hateful of everything suddenly,anger,3
i feel all listless,sadness,1
i overcome the claustrophobic feeling that i get after i dont know but what i do know is that there is a path i need to follow to get to my vision and i need to make sure the road i choose has to lead there,joy,0
i feel like im being greedy when i say i want more money,anger,3
im feeling dangerously truthful,joy,0
i think if youre sad a top tip is to eat lots and lots and lots and lots of it until you feel very satisfied and a maybe a bit queasy,joy,0
i frantically try to get it done and now feel frantic as i walk in the studio,fear,2
i try to work but i cant concentrate me on something else than you and i log in my private journal to share my feelings my love with my faithful compagnon journal,love,4
i feel there was something divine happening there,joy,0
i hate the feeling of being disliked and it seems as though its very common for me,sadness,1
i run into feel useless i understand that but not because of my retirement it is because my daily struggle overwhelms me often,sadness,1
im thankful for it and the parents because they are understanding and make me feel less wimpy,fear,2
i feel they travel back to all their fond memories inside the flashback of their thoughts where they view their once achieved wonderland,love,4
i feel in retrospect if i have the ability to think back that all this history stuff and the miles upon miles of newsprint that has carried my feature articles impressed and impacted the readership the way it was intended,surprise,5
i got lots o crazy shit going on but i am loved and feel hopeful about the future,joy,0
i sighed feeling like she was doomed to fail at this sort of thing,sadness,1
ive been feeling depressed anxious and unhappy,sadness,1
i posted this lovely picture on instagram and was feeling slightly rebellious walking on that plane feeling,anger,3
i feel it in every cell of my being god really really loves him intensely and is being faithful in fulfilling all his promises to him to us as he is also doing for you and yours,love,4
i never thought id feel comfortable in but im just going to go for it and make bold fashion choices,joy,0
i wanted to team up with my girlfriend and accept the sport amp health challenge to tone up drop pounds exercise five days a week eat healthy and feel more energetic,joy,0
i feel like im not serving a purpose to anyone whether it be keeping them from committing suicide or just a casual conversation partner at a social gathering i am transported to a dark spot,joy,0
i feel like it s a boy i would be pretty shocked if it was so somewhere in there my gut or my brain is saying girl,surprise,5
i feel suspicious of innanimate objects and as though my house is actually the set of a play or a movie or some kind of model of itself and how did i come to be here and why is that carpet looking up at me like that,fear,2
i want to feel like a nurtured respected protected equal,joy,0
i feel quite photographically lethargic and drained its difficult to explain but im really happy my school semester is coming to an end,sadness,1
im just feeling particularly obnoxious tonight,anger,3
i feel really contented just listening to the song,joy,0
i feel hateful to have given up my friendship with that woman and a couple of others for the same reasons to admit defeat and let my husband make me feel so insecure that i feel the need to avoid her cut her out of my life so that my securities is not challenged,anger,3
i was feeling nostalgic and celebratory,love,4
i feel devastated disgusted and betrayed,sadness,1
i am just feeling shitty right now,sadness,1
i feel pretty honored to be around some really great moms and women,joy,0
i feel peaceful secure and independent,joy,0
i come out of that fight feeling whipped and saddened and hated for who i am and i have to put on my big girl panties and pretend hey everything s fine even though we re pissy at each other,sadness,1
i could feel the gloomy london fog and the oppressive tropical heat even though i was on vacation in oregon,sadness,1
i feel like i may be veering into some stereotypes pretty soon,joy,0
i remember when i started feeling homesick,sadness,1
i guess im just feeling a little rebellious,anger,3
i woke up this morning to a text from mr c declaring he was walking to work as he typed miles and was therefore feeling virtuous,joy,0
i feel very uncomfortable around people with down syndrome,fear,2
i would give everything to know you share my pain feel the aching caused by our parting,sadness,1
i had spare gear on the bike to cope with two punctures but was feeling particularly paranoid about the race tyres as i had already had two punctures on the previous three times i had taken them out training,fear,2
im feeling so goddamn pissed and just,anger,3
i have started this journal because i feel like a bunch of unfortunate and seemingly random things happen to me and i would like to keep track of them,sadness,1
im sharing our school room because im sure im not the only one that struggles or has struggled with school room jealousy of feeling less than perfect,joy,0
im feeling amused you know that info was posted directly on your site in plain view and it is exactly where it was in the first place posted directly on livevideo on your site last night on the internet,joy,0
i know you do but i m feeling impatient cause i asked you a question in mine and i m waiting for an answer,anger,3
i was feeling deprived because we did our traveling in june but we still have one weekend getaway planned for the middle of the month as well as the free concert every tuesday and a few other random outings,sadness,1
im feeling a little stressed over it already,sadness,1
i havent really talked to anyone about it in depth because i feel like im being whiney repetetive and needy,sadness,1
i feel remorseful when i act the drunken fool too,sadness,1
i just feeling particularly nostalgic that day,love,4
i feel like an ass saying that since my sweet sister has gone through quite possibly the worst year of her life at the same time,joy,0
i look pretty today without feeling vain,sadness,1
i went to registration passed an uneventful five minutes feeling deeply amused,joy,0
i was going through a painful breakup and went looking for anything that would make me feel less anguished,sadness,1
i could sit for hours with some old friends catching up and just feel like i am in a uber gorgeous,joy,0
i am sure that fans of every other team feel one of their guys got slighted and in the long run it really doesnt make much of a difference its just a shame that someone as talented as evgeni malkin was left off,joy,0
i feel a little uncertain about the structure of a revalidation portfolio,fear,2
i loved my supervisions because i come in feeling like a dumb dumb and leave feeling so heroic as if ive accomplished something huge,sadness,1
i cant wait till the summer when we feel somewhat carefree once again,joy,0
i feel you might be quite amazed if ahead of you begin your diet program you continue to keep a a href http www,surprise,5
ill be whingeing about how much i ache but at least i can feel slightly virtuous about it too,joy,0
i am just feeling a little irritable because mun was part fun part stressful part uncomfortable making and part horrible but regardless record being set straight now,anger,3
im happy to have finished the script s its good to have a feeling of accomplishment but im feeling rather discontent,sadness,1
i have just got home tonight from a beautiful surprise party for a gorgeous friends birthday and can i tell you i am feeling so sentimental and awed and actually totally lost for words to really explain how i am feeling,sadness,1
i was sleep was vey irritable and feeling paranoid because i work the oncology dpt of a hospital and feeling paranoiud cancer and through chemo,fear,2
i feel that this leads to not many people caring who get s the real job as sin cara,love,4
i don t feel so nervous doing new things anymore i have more of an this is what i have to do and i will do it type of attitude rather than an i really hope i dont screw up type of attitude,fear,2
i feel like something tragic is going to have to happen for people to wake up and see how vulturous sic and poisonous it s all gotten,sadness,1
i think nicely sums up the feeling of talking too much about artistic pursuits,joy,0
im feeling pretty contented too having an instructor to assist me with higher level math again for a while is very helpful,joy,0
i could feel my calf muscles starting to get grouchy and i had a cramp around my ribcage,anger,3
i feel a little less burdened,sadness,1
im not feeling pissed off about picking up those toys,anger,3
i usually start feeling anxious,fear,2
i feel like ive gone out of my way to be particularly considerate about not having inconsequential complaints so i dont illicit those feelings in others that i so ungraciously had before as well,love,4
i feel very agitated and sort of lost,anger,3
im honest when i say a part of me feels tortured as though this is part of the system of function in your life the one that allows you to order and manipulate people in such a way so that they are lined up and positioned to serve their prupose when you should need them,fear,2
i feel so dirty in you i crash cars br style background color white color font family georgia times new roman times serif font size px line height,sadness,1
i say his helpless the phone muttered the i love you love his feeling always feel very sweet always feel to have him with me i nothing a person undertaking no matter where there is a he,love,4
i love you to me actually made me feel dismayed and disappointed,sadness,1
i feel fearful seeing this bridge an emotional tith sam ath whose year old son died in the disaster told afp,fear,2
i was feeling so angry so upset that i just want to run away,anger,3
i dont know where she gets her energy frombut i feel slightly shamed about how moody i feel when i havent slept well enough,sadness,1
i have a feeling innocent world and i are going to become great friends,joy,0
i feel moderately handsome at the minute but as soon as i go out ill look like a twat,joy,0
i feel horrible most of the time,sadness,1
i was feeling very offended at the line of questioning and almost walked out but i stuck around for some reason,anger,3
i came up with the following i m drawing a blank as to what this is called to help me when i am feeling fearful or attacked,fear,2
im feeling a little stressed out about it but i cant do much right now because im waiting for a couple of tax returns in the mail and a letter from jasons employer which is taking quite some time,anger,3
i dont feel the need to be truthful its completely written all over me,joy,0
i can t believe it i feel so nervous but my father reassures me that there is nothing to be nervous about which only makes me more nervous,fear,2
death of grandmother,sadness,1
im feeling generous or in a restaurant like the mandarin grill which has a fairly stellar reputation this impression may be extended to edible yet decorative garnishes like samphire,love,4
i feel less respected less,joy,0
i finally admit im feeling sorry for myself evar ok i finally admit im feeling sorry for myself if bc,sadness,1
im feeling a little more convinced,joy,0
i feel like ive never felt this lonely or depressed or unhappy with my life but i still smile and maintain and good mood in school,sadness,1
i have to care about and care for people with disabilities who are targeted by sensationalist media reports as well as at the same time feel the sorrow i do for the parents family members and community in newtown connecticut that is stunned by the events of today,surprise,5
i feel so virtuous having made this for dinner tonight,joy,0
i relaxed and nodded feeling assured that someone i love is safe and pampered even if he s no longer with me,joy,0
i know how awful it is to be on your a game and not see any results and just feel crappy overall,sadness,1
i feel like an ass when i have to ask someone what their delicious looking dessert is made of,joy,0
i do stay though it would be six more months of feeling discontent at times of being here,sadness,1
im feeling about as horny as a dead goat,love,4
i feel funny without,surprise,5
i really love the feel of these lipsticks and these colors are really gorgeous,joy,0
i wasnt sure companies would be hiring this time of year but i am again feeling hopeful,joy,0
i just didnt feel like i really got to know him which i feel is why im so unsure of his character,fear,2
i want more than anything is for my kids to feel loved safe and cared for,love,4
ive recently started building a ig army themed around everyones favorite strategy game x com but im feeling the army isnt k lore friendly and a bit cartoonish,joy,0
id love to see this campaign go viral to help raise awareness and funds to support the hotline so more women and children can feel safe something most of us take for granted,joy,0
i have been trying to come to terms with my own emotionally damaged thinking but now i almost feel convinced that my thoughts are full of validity,joy,0
i feel absolutely defeated socially,sadness,1
i am anxious to see the movie bully it s trailer left me feeling shaken and nostalgic,fear,2
im with her i feel terrific,joy,0
i cant help but feel that youll just break me again and that you might not be as faithful as you seem,love,4
i would ideally like to be able to come to terms with it at one point and have acim happily integrated with all the abraham processes just so i can feel resolved,joy,0
im normally a strict pray gods best girl but i can barely handle the torment i feel wrestling in sweet boys heart,love,4
i imagine ill eventually migrate to the middle but even alone that feels greedy to me,anger,3
i feel the moment that i know im real they judge without supporting facts ive cut there is no going back,love,4
i didnt want to stay in this feeling of loneliness the emptiness of my prayers blank requests to a paper deity,sadness,1
i feel reluctant to sell but hey,fear,2
i am still feeling the positive effects of my visit with therapist and i feel very confident in her abilities and connections to psychologists with the necessary dr,joy,0
ill go because it warms my muscles and i always laugh in the midst of our quirky little inter generational exercise family and after six months im a regular which reminds me that ive accomplished the epic feat of no longer feeling in some way intimidated when i go to the gym,fear,2
i should not feel afraid we can stop shoulding all over ourselves,fear,2
i would not accept his love fully feeling of being damaged,sadness,1
i feel like im more hated than celebrated and i cant wait till the day i can say i made it,anger,3
i personally feel is a massively talented actor is chris evans captain america,joy,0
i wake up real life husband i feel melancholy towards day,sadness,1
i find myself feeling remarkably calm,joy,0
i didnt feel as intimidated as i had felt at the beginning of class,fear,2
i seriously still feel so insecure and dreadful that the new guy would suddenly pop back up and change things,fear,2
i feel so excited about it,joy,0
i feel pretty virtuous about it actually,joy,0
i feel frustrated for her when i read those chapters,anger,3
i feel so blessed to have been able to help,joy,0
i am feeling confident that i will be able to get to the back door before dinner time,joy,0
i feel like i should care that im a bit heartless not to,anger,3
i feel permanently heartbroken but at the same time if she were to ask me out again i would mend it right up and do it again,sadness,1
i feel so safe hearing them and knowing hows their day like and all,joy,0
i am also noticing that i can only handle so much incoming information or i start to feel overwhelmed,surprise,5
i can sink into the stillness to feel the gentle hum of that light there is pleasure in contrast,love,4
i was feelings amazed imagining how would she feel when she will get this,surprise,5
i think my body has recovered and i feel excited to go downstairs for the start of the weeks workout,joy,0
i woke on saturday feeling a little brighter and was very keen to get outdoors after spending all day friday wallowing in self pity,joy,0
i really lose a lot of my nesting homemaking instinct and desire when i am pregnant and the longer im pregnant the worse it gets though i do get about a month reprieve where i feel creative again around the six month mark and youll notice that is when i did a post for halloween,joy,0
i am now feeling the onset of an unpleasant sort of tourist panic,sadness,1
i feel homesick nostalgia canaglia,sadness,1
i even feel surprised if its dark outside,surprise,5
i feel like that little boy with no sense of value perpetually doomed to keep breaking all that is valuable in life,sadness,1
i know will be less welcomed by some who feel that we need to be ferocious and brave and show the wizarding community that we will continue our work to rid england of mudbloods and half breeds and whatnot,anger,3
i feel intimidated by other girls acne getting rid of pimples,fear,2
i can run and it feels amazing,surprise,5
i recall seeing leaves falling off a tree set against a grey sky and feeling absolutely terrified,fear,2
i was wondering why i was feeling so ecstatic,joy,0
when they changed my office to another room without my agreement,anger,3
i feel if not resolved soon enough will have a damaging effect on all the hard work my girlfriend and i have put into our relationship,joy,0
i whipped my stuff up from my station and fled to the underbelly of grand central desperate to find a subway map feeling disgusted with how upset i was over my frazzle y meltdown,anger,3
i feel weird a href http bondmusings,fear,2
ive been feeling like i cant put a lot into this because hes not caring about it anyway,love,4
i have to be honest with a grandmother that passed away at i dread the idea that if i die young i wont get to do all of these things i really feel passionate about,love,4
i feel embarrassed if anyone were to stop by and see the state of my house enough that i wish i could pretend we werent even home when someone does stop by,sadness,1
i lived her life without the feeling of acceptance she felt as though trouble and misery followed her everywhere she went and that everyone hated her because of it,anger,3
i feel your pain whether you want me to or not and its pity implies that for some unfortunate people justice is not enough,sadness,1
i did feel bad because its bagel day and i accidentally had a jalapeno bagel,sadness,1
i didnt have to convince myself he was my soulmate and i feel very reluctant to use that word regarding him because my chemistry with him actually is unlike anything ive ever experienced,fear,2
i am feeling anxious that im not out watching this important game that im avoiding a bar because of an asshole who broke my heart and that im missing out meeting cute boys,fear,2
i want change but i feel like im discouraged because im living so comfortably,sadness,1
i felt humiliated and belittled me because it keyed into all of my trigger points it made me feel stupid and inarticulate and laughable and flattened about something i m passionate about knowledgeable about and see as my place in the world,sadness,1
i do not want to feel regretful because i did not stop you from smoking before so much damage was done,sadness,1
when my mother was tremendous on the phone and we talked for hours she was in a good mood,joy,0
i dont read into traditions because i love them so much so to me when a stranger opens my door i dont feel offended or like he is trying to send a message to me and the rest of the world that i cant open it myself,anger,3
i have now finished my blanket and am feeling a little free,joy,0
i did laps and now feel all virtuous,joy,0
i feel greedy with my self as of late,anger,3
i wasnt feeling at all irritated,anger,3
i stop feeling ok and started to feel pretty awesome,joy,0
ive been feeling like im on shaky quilting waters and have started questioning my work,fear,2
i feel horribly insecure about it all,fear,2
i was feeling very reluctant about the players even finding a library or sage to identify stuff for them,fear,2
i still feel guilty to this day for taking a spot,sadness,1
im trying to focus on not feeling sorry for myself and not being upset over the loss of a material possession,sadness,1
i also feel useless and unfulfilled,sadness,1
i didn t feel too hot from the swim,love,4
i feel so lame and annoying and generally unliked sometimes,sadness,1
i wanted it to feel like all these fabulous people at an incredible party fell asleep and when they woke up the place had been a bit overtaken with lush florals and greenery,joy,0
i feel honored that the veil was lifted in that moment,joy,0
i ached so bad the bones in my toes hurt to walk and i swear i could feel my liver aching,sadness,1
i didnt get a wink of sleep that night and continued feeling not so fabulous the next morning,joy,0
i was more annoyed with the info dump because it made the book too long but i feel i ll miss something if i skipped it which annoyed me more pages,anger,3
i feel strange pangs of loneliness or emptiness bubble up,surprise,5
i feel it is vital to get the leadership thing worked out,joy,0
i feel awful everytime ac,sadness,1
i tend to feel a bit cranky when i ve gone for a few days without making art,anger,3
i want to do with my life is an amazing feeling and i couldnt be more pleased about where my future is headed,joy,0
i feel so completely helpless to do anything to help those affected by the tornadoes that hav,fear,2
i hoped it would i would feel disappointed and depleted,sadness,1
i wear this shirt i feel artistic you are artistic but now i look artistic yes son you do,joy,0
i feel ugly to stop being lazy so i dont embarrass my friends to wear white so i could have short hair without feeling fat not that i really want short hair but still to be able to kiss someone without feeling like i have to pull away,sadness,1
having unwanted attention paid to me in my place of work harrassment and sexual harrassment by another worker disgusted by his implications,anger,3
i feel that there is something valuable about herzog s study particularly as it relates to the idea of art and media influencing society and culture,joy,0
i tried to reconcile the two feelings into one piece of music the unease and tender nostalgia present in martin s song of wwii france is different from the sharp bleeding ache i was feeling,love,4
i was actually starting to feel pretty cranky about the situation and was avoiding a lot of phone calls because i really just didnt want to talk to anyone about being late,anger,3
i can think of to quit are not based on my own needs and wants but those of others scars make other people feel uncomfortable self injury makes friends feel like they aren t offering enough support cutting is something sad teenagers do,fear,2
i feel exhausted just by writing that,sadness,1
i feel myself getting agitated over something insignificant or feeling bored i m going to remember this quote,anger,3
i didnt feel safe in my room because the argument was going on in my room and things were getting rough,joy,0
i feel a bit mournful since i read a bulletin of one of my myspace friends,sadness,1
im feeling a bit dazed and out of sorts like someone needs to poke me to really wake me up,surprise,5
i have gradually morphed into someone who feels superior when other peoples kids complain about dinner or dont want to eat their zucchini or are allowed to eat pop tarts or sugary cereal or white bread for breakfast,joy,0
i feel she was wronged,anger,3
i started off feeling rather cranky and grumpy and ultimately ordinary then there was a little facebook flash from my cousin in west meath and suddenly we were pinging bad jokes and naughty stories about rudolph valentino performing unspeakable acts back and forth and it felt like a party,anger,3
i feeling more assured of having success than ever,joy,0
i should feel ashamed,sadness,1
i feel sure a new necklace will come from this afternoon of beach combing,joy,0
i feel like life is an affectionate older sibling,love,4
i wanted it to feel like all these fabulous people at an incredible party fell asleep and when they woke up the place had been a bit overtaken with lush florals and greenery,joy,0
i feel like im presenting myself in a less hostile manner now when i am dragged to an event or gathering full of stupid fake people,anger,3
when the paramilitary was sent to the unza and it started using tear gas and started intimidating the students without any provocation,anger,3
i understand the feeling of a writer unsure of his skill unsure of his audience wondering if he has wasted hours and hours of his life making marks on a page,fear,2
im so afraid that im bipolar because that feels too much like being like that kids i hated in th grade the kids who nearly drove me to suicide for the first time in my life,sadness,1
as a child i suffered of nightmares even since than,fear,2
i do like riding on brooms but there is something about just sitting and holding colin and feeling the wind in my hair that is quite pleasant,joy,0
i imagine being a man it s like being kicked in the nuts repeatedly that s how bad it feels you feel like you want to curl up and die a devastated schalm said after the bout,sadness,1
i went over my feelings she said i am very fearful and conflicted,fear,2
i feel like ive been defeated,sadness,1
i am thankful for the opportunity to help others feel better about themselves and i am grateful that i can help educate others on have to achieve their goals as well,joy,0
im feeling pleased and glad that other people like thaliad and want to celebrate it,joy,0
im feeling awkward every time i start a photoshoot,sadness,1
i have spoken to are so pleased with the facilities often feeling really valued for the first time with their needs being properly recognised and properly met,joy,0
i would never be able to feel like i do today buoied up by sense of peace and calm that can only come through hope,joy,0
i have so much to be thankful for so to feel jealous of a skinny girl with a seemingly disposable income who is shopping at the mall seems so,anger,3
i feel that i want what i need and know that i just need to bleed in this fucked up world of my own,anger,3
i feel like ive entered some weird universe and i really am grateful for it,fear,2
i just got this overall feel from him that he was an elitist and somewhat jaded,sadness,1
i bought myself a make up palette two months back post and today i bought items and im feeling ecstatic,joy,0
i look back on that i feel amazed that at such a young age i could just pull it together like that,surprise,5
i am feeling stressed,sadness,1
im feeling rebellious amp ive missed the last couple of ffs on twitter so i thought id share two blogs that ive been loving recently,anger,3
i feel bitter and jealous,anger,3
i feel shocked that my photo was chosen as the best photo of the week,surprise,5
i feel fake sharing the joyful and creative pursuits of our family,sadness,1
i walked away feeling a little dismayed but ive got a mission to carry out now,sadness,1
i am really thankful to her to get this opportunity and feeling very honoured today,joy,0
i can understand that the people here are not nice to them and that they feel isolated and alone and think this life is just not worth it anymore,sadness,1
i have no idea how i feel beyond wanting to be with my beloved,love,4
i feeling humiliated,sadness,1
i guess the trick is i need to go in strong and get what i want and not feel bashful over it,fear,2
ive got a feeling that some day it is not only me who is proud of myself but my family will be too,joy,0
i was feeling emotional i sat backstage during the two hour play and ate,sadness,1
i bought the most expensive pair of shoes ive ever owned on a whim over the weekend and i love them but i feel a remorseful pang every time i look at them,sadness,1
i was feeling a little skeptical that it would arrive on time the situation was not improved by the fact that despite various perfect party setups seeking in ffxi nobody was bothering to set them up including me but duh im lazy,fear,2
ive felt even more centered here and pleased w how things are going w out feeling complacent,joy,0
i will focus on either an infantry company or if im feeling either brave or stupid enough a motorbike company for the rest of the challenge but ill leave it until the time and see how i feel then,joy,0
i feel like my creativity is running low like a dying battery,sadness,1
i feel they are sincere in wanting to resolve these grievances,joy,0
i feel like my heart broke telling my children she continued,sadness,1
i felt good before the race but once i started to run i guess i was feeling the effects of the cold and congestion i didnt really realize i still had,anger,3
i write this very moment i feel the cold chill of,anger,3
i refers of course though i cant help feeling somehow ironically in retrospect to loudons son with kate mcgarrigle the rather talented himself rufus wainwright,joy,0
i left that meeting feeling helpless and betrayed by the very laws that are supposed to protect me and other people in this state,fear,2
i didnt feel as intimidated as i had felt at the beginning of class,fear,2
i am feeling out of balance or troubled about something i have a few guiding principles that i consider choose the highest priority,sadness,1
im shocked i feel my own little problems put into perspective and i feel heartache for the innocent lives that have been ended,joy,0
i also feel vulnerable being left on the bed in virtual silence,fear,2
i rarely consider the garments i m going to put on every day for the reason that i feel self assured that no matter what i put on my body could make these clothes look excellent,joy,0
i can see changes on my legs they have slimmed down a bit but i feel a little disheartened that its not that visible,sadness,1
i left the office feeling discouraged,sadness,1
i feel a little sad about it but christmas is hardly on,sadness,1
i just have a feeling it will be pretty in this lovely yarn and im stash busting as well which is a bonus,love,4
i feel really overwhelmed with mine,fear,2
i can live out my values instead of just being crushed by debt feeling rejected and feeling empty,sadness,1
i feel the pain but with my family and friends support make it sure that no negative thoughts overtake me,joy,0
i feel so paranoid and im really gonna cut down the hours and frequencies of me wearing contact lenses,fear,2
i even feel valuable as a person,joy,0
i wont go on about the anxieties i am feeling about this is being as neurotic as me about this,fear,2
i do buy synthetic pearls when i feel the need to and i use these for some of my more elegant jewelry and trinkets,joy,0
at school,anger,3
i feel really lucky to be part of it,joy,0
i would feel fearful of being killed by other mistresses,fear,2
i feel delighted to be a part of the so celebrated so diversified and so enchanted womanhood of which we speak too often but forget all the same more often,joy,0
i grew up i didn t feel like doing that for i knew that my parents would be disturbed,sadness,1
i know what it feels like to legitemately liked by someone that somehow got me to feel the same way which trust me takes alot i want that in my life,love,4
i always feel kind of thing empty feeling,sadness,1
i concentrated on the smell i started feeling it and knew it was the nostalgic aroma of my grand mother s home back in bhubaneswar orissa,love,4
i get the feeling that im valued have potential and am very welcome,joy,0
i remember feeling paranoid,fear,2
i feel vital full of energy every day and super positive,joy,0
i was thankful to at least feel well enough to sit with my husband and kids at the table even if it was only for minutes before i felt like passing out which carson actually accomplished into his sweet potatoes no less poor guy was sooo tired,joy,0
i know scones are not a must have food but i am determined to live a frugal lifestyle without feeling deprived,sadness,1
i know it is so disgusting horrifying i feel so dirty,sadness,1
im trying to do better with my spending but i feel so deprived,sadness,1
i detest feeling uncertain,fear,2
im feeling quite distressed about the amount of horses whose jaws are jammed shut with what i consider to be excessive nosebands along with a considerable amount of metal in their mouths,fear,2
im feeling a bit apprehensive about it as i dont know if my little note cards will stand out from the mass of talent on etsy,fear,2
i have to start my journey to these cities in the morning i feel it will be a pleasant journey i am planning to enjoy moments of it especially with my fb friend,joy,0
i still feel terrible right now as this is what happened on monday night but i needed some time to recover before sharing and have been sleeping since it happened,sadness,1
i asked feeling smug,joy,0
i am breathing well and feeling quite lively and upbeat,joy,0
ive been feeling very lethargic with the fact that i worked till plus on days that i need to pay back the hours for my lessons days and sleeping at plus every night ever since the beginning of this week,sadness,1
i want to avoid feeling disliked,sadness,1
i feel like an abused puppy dog,sadness,1
i asked how does the long grass feel he said this long grass feels lovely,love,4
i didnt feel discouraged or depressed though there are always challenges to be sure,sadness,1
i don t know but i enjoy watching movies where pain transcends on me like i can feel my heart aching or i can cry a pail of tears,sadness,1
i recently mentioned i feel savage worlds isn t doing a good job modeling the kind of story robin and i are telling in our current duet game and i m willing to experiment with another system,anger,3
i really dont like attention because i feel pressured to think about a topic and talk,fear,2
i feel like i missed out not being born into any particular religion,sadness,1
im trying to focus on not feeling sorry for myself and not being upset over the loss of a material possession,sadness,1
i still have a lot to paint on the warhound but enough of the model is now put together that i would not feel embarrassed fieldi,sadness,1
i was feeling particularly beaten up by istanbul and homesickish i passed a burger king and the door opened and the smell hit me full in the face and suddenly i was in snowpea my white nissan stanza in the drive thru of the burger king on rt,sadness,1
i feel better i dont for a little bit,joy,0
im happy to have this in my kitchen but it feels like someone rushed this out and cut corners,anger,3
i didnt feel as if i was supporting the whole conference but as i pulled gunk out of the drain in one of these sinks i wondered whether the folks who once again came through to make the conference work might be feeling some frustration if they didnt do the work nothing would be done,joy,0
i feel absolutely assured in informing you that you need to get your hands on this set,joy,0
im feeling indecisive about what to do,fear,2
i feel like ive got a handle on trusting my instincts,joy,0
i feel completely numb emotionless lost,sadness,1
i feel so rotten that i need to tell myself all this is just a passing cloud that ill be laughing at years from now,sadness,1
i feel one with everything i meet even here when i return to this body out with you my beloved father indeed am beginning to realize the meaning of that unearthly love which i have sought for so long,love,4
i feel disheartened or defeated,sadness,1
arriving in new zealand as a teenager first overseas trip something exhilarating about the change of scenery etc,joy,0
i suppose he feels badly because he was a bit skeptical of her pain over the last few months shes had a hyperchondria and exaggeration habit in the past though he never openly questioned her about it,fear,2
i have been conveniently uninformed of the specifics of the situation i am left feeling helpless and wanting more than ever to get away,fear,2
i try so hard to help them see the joy in life i always feel i can help these damaged and empty people and each time i fail i have to accept it as their failure not mine and i have a hard time doing that,sadness,1
i wanted it to feel special for all the guests that alise and jeremy chose,joy,0
i feel pathetic and i want to push myself but the idea of chicken mince wheat free pasta rice spelt bread and fruit sorbet is quite scary,sadness,1
i forgot to take it yesterday so this morning i took two i feel super sick now,joy,0
i set off feeling fab and ran first section pretty well,joy,0
i was feeling incredibly stressed out about not getting everything done not having the right clothes stuff like that,sadness,1
i am feeling exceptionally brave and daring i may even make the corset,joy,0
i hear myself soothing in a low soft voice and i marvel at how the voice makes me feel calm and strong also,joy,0
i feel so bitchy and mean and terrible,anger,3
i feel ecstatic because no more homework,joy,0
i feeling so shitty today then,sadness,1
i have found the perfect remedy for anyone feeling stressed or conflicted about the future its the a href http www,anger,3
im really not feeling that passionate about this one,love,4
i liked that ros is not intimidated by anna s wealth and that anna doesn t feel guilt or superior about her wealth and that she enjoys it,joy,0
i am regularly in a rush and feel irritated and i dont take the time to communicate my needs or my feelings,anger,3
i strive to make it out of the between boyfriends zone and land safely into single i feel lucky to have had these incredible beginnings with incredible people,joy,0
ive stayed at a few of the trendier hotel in north america and some have a tendency to feel cool and unfriendly,joy,0
i feel quite disappointed in myself for being sucked into the charade,sadness,1
i feel like each year i teach i get more passionate about my job find more love for my kids and want to try even harder,love,4
im feeling a little impressed at their creativity,surprise,5
i always loved the blue angels and i feel so privileged and proud to be a blue angel burmeister said,joy,0
i feel at times life losses its joy and becomes empty and feelings of exhaustion over take our positive side,sadness,1
i usually use smaller legos however this year i have a few students with fine motor delays and i want all my students to feel successful,joy,0
i feel distraught and devastated,fear,2
im feeling pretty paranoid and trying to cover the cash and protect my belongings it definitely felt like i was doing something i shouldnt be doing like money laundering or something,fear,2
i also feel its a transition piece for me still sweet and classy adding that touch to my more goth punk rebellious style im falling into lately,joy,0
i feel overwhelmed with the uncertainties of life the sorrows lurking about the fears eating at peoples peace the sad choices friends make the effects of those sad choices on loved ones broken relationships etc,surprise,5
i don t feel rejected although i admit that i used to,sadness,1
i feel so badly for his daughter thats tragic,sadness,1
i got a good feeling from the school and i have a lovely class,love,4
i feel i am wrongly punished or that my misbehavior was unavoidable i am allowed to argue over whether or not i should be punished or how severely,sadness,1
i feel like every day i grow stronger and become less needy of someone to fill that role,sadness,1
i can control is me and if people feel that i wronged them i will try my best to fix it but some people you cant make happy,anger,3
i feel all listless,sadness,1
i feel like a jaded cat whatever who doesn t ever get nervous before races because i ve just done so many and i couldn t care less,sadness,1
i really didnt feel like going to yet another womens conference it was a wonderful event and i am glad that i went,joy,0
im lying in bed feeling very anxious and have a knot in my stomach,fear,2
i cannot stop listening to feel the other cool thing about this album is the embossed feather on the cover i know you cannot see it in the picture thanks camera,joy,0
i came to the place on base because i wasnt feeling like i should wander too far afield but now i wish i had been more adventurous as i have heard wonderful things about those salons,joy,0
im feeling so goddamn pissed and just,anger,3
i must have been feeling a little cranky about the,anger,3
i feel satisfied only with details and small parts,joy,0
i feel that im fine without him,joy,0
i was so excited to try it considering i havent before and so many people rave about it but i didnt feel like it did anything special for my lashes i dont really like drier formula type mascaras but i prefer the wet formula ones more,joy,0
i have a lovely nesty feeling after looking at all that cute teeny weeny clothing,joy,0
i feel ecstatic every time i perfect a water sport,joy,0
i find consolation in the beauty of small things but sometimes its just not enough and i feel stupid for trying,sadness,1
ive been feeling really defeated for some reason,sadness,1
i remember then feeling bitter that i couldnt pop the balloons and join in the celebrations,anger,3
i like to do things that leave others feeling surprised and delighted,surprise,5
i am at a point where i dread anyone asking me for anything because i feel like it is just one more opportunity for me to fail at something and that is a very horrible place for me to be,sadness,1
im not being fair to xia by doing it this way if he feels frightened by the work i do it that his fault,fear,2
i can feel my stomach aching and grumbling,sadness,1
i know i shouldnt be reacting this way to it all but i cant help it and i feel terribly petty and horrid but this is the way im reacting and i have to deal with it,anger,3
i feel like hed think that was pretty cool because i certainly do,joy,0
finding out that i am not an as able student as i thought,fear,2
i was feeling especially disillusioned and unhappy allowing the last lines to make the most difference but most this is especially telling of how much my life has changed since i was fourteen how my experiences have altered my perceptions,sadness,1
i watch my friends going through changes and i feel envious,anger,3
i began to feel ok,joy,0
i love the snow lol it just makes everything feel so tranquil,joy,0
i was feeling very festive i decided to paint my nails for the holiday events,joy,0
i feel a dull aching a sharp pain in my chest an overwhelming emptiness,sadness,1
i will definitely write more about the transition as i go through it but right now i am feeling quite positive,joy,0
i feel offended when friends especially married friends somehow judge me for not being married yet,anger,3
im beginning to feel listless and a bit lonely,sadness,1
i learned from him that being rich and feeling rich are two different things,joy,0
i macendarfer who i feel thrilled to welcome into our family,joy,0
i feel this strange bonding with my bed and wardrode have been using both a little more than a decade,fear,2
i want to shout say something dont just smile all the time touch me so i can feel that delicious feeling inside,joy,0
i ended up feeling pretty terrific about myself yesterday,joy,0
im feeling very bitter against knight in shining denim because i asked him a year ago to go to the gym with me and he wouldnt spend the money,anger,3
im starting to feel a dull pain at the front of my head between my eyes,sadness,1
ive missed over a month of training and organised etape prep rides including the etape caledonia and am generally feeling pretty pissed off and depressed about the whole affair so have avoided thinking about it,anger,3
i couldn t help but feel sympathetic for netflix as an army of the misinformed denounced netflix for the recent price hike,love,4
i am trying to work hard with these feelings and i understand that they have to be resolved and put behind me,joy,0
i was okay with it but still little have feeling for that my brother was more amazed he like mihm but he wasn t going to get playing time,surprise,5
i was feeling remarkably calm at this point,joy,0
i get an anxious feeling i feel xox soon itll be the real thing already so i need to be flawless,joy,0
im awake as usual at am and lie there feeling reluctant until am when i get up and slink around in the dark getting dressed,fear,2
i feel so guilty sometimes that he has to share me with the challenges life has thrown our way financially emotionally and most recently medically,sadness,1
i would gladly make it on the morrow since i am not feeling well,joy,0
i feel honored or insulted,joy,0
i get the feeling that nellie is satisfied that the phone rang happy that leslie is out of the room now,joy,0
i feel like i ve given him half the responsibility of caring for my kids,love,4
i need to get in touch with what i want and how i want to feel did i mention how much i hate people caring for me,love,4
i tend to come away feeling insulted by books that deny them,anger,3
i restrain all emotion asked asked her su wen is a laugh said see us smiling at the side maybe the feeling that i am sincere concern for su wen is right,joy,0
i still feel terribly devastated,sadness,1
i seriously feel uncomfortable,fear,2
i feel uncomfortable when i wear lenses that are not brown but these lenses make me want to get more blue lenses,fear,2
i didnt expected to be that much addicted to the nicotine before ive experienced all withdrawal symptoms feeling irritable and so stressed going mad with cravings inability to concentrate dry mouth trouble sleeping i wake up every night at a,anger,3
i ask him if he is feeling adventurous and wants to see that one since he already booked his friday and saturday nights and i already know he has church stuff on sundays,joy,0
i have the power to make another do what i want but in reality feel threatened and desire to control this other person so i am not a href https eqafe,fear,2
i have to say i feel slightly envious of julian,anger,3
i was just randomly talking about it and how i found the once more with feeling cd and listened to it and was quite eager to watch the show again,joy,0
i have been feeling crappy about myself for too long and its time for something to happen,sadness,1
i feel uncomfortable when i wear lenses that are not brown but these lenses make me want to get more blue lenses,fear,2
i would love to go into this for two reasons i care about how people feel and im a very sweet person so i think id be good at it and helping them get through it,joy,0
i feel deeply and truly content,joy,0
im being silly but i feel like a terrible mom lately,sadness,1
i feel so blessed to have both lisa and god as friends in this life,joy,0
i cant continue to be the whipping post for someone who feels lousy about themselves,sadness,1
i saw a few pianos that were either newer cheaper or larger but there was always something missing that made me feel uncertain about buying them,fear,2
i know that im carrying an obvious prejudice into all of this because of my own feelings about watching them be repeatedly tortured on this topic,anger,3
i feel as though my sub arguments are stronger and i support my claims better than i did in the beginning,joy,0
i actually begin to feel sorry for him that he has settled for someone like me for life,sadness,1
i feel no compulsion to bludgeon onlookers with how fabulous i want them to think i am because of the designer labels i was able to acquire,joy,0
i have lost touch with the things that i feel passionate about i am getting less spontaneous am living by lists urgh,joy,0
i was feeling impatient and took pills,anger,3
im most expressive when i feel distraught,fear,2
i was trying to think of anywhere else ive been that made me feel so awful awful awful,sadness,1
i feel as though i cant bear the motion of quilting it even though the idea of it delighted me so only a few days ago,joy,0
i volunteered for everything and wound up feeling overwhelmed and people got mad at me for not being able to meet my obligations,surprise,5
i was feeling annoyed suddenly,anger,3
i feel that he s really shy with his feelings because as he talked about how he felt what happened during the trip he was really nervous and i appreciate the effort to say all of that by the way,fear,2
i feel like youre ashamed to be seen with me in public because im bigger than you,sadness,1
i sit here feeling annoyed at my sons my pets and my husband im also trying to think of something to feel grateful for this saturday,anger,3
i feel useful again and serves as a reminder that ive come a long way since the first days of vertigo,joy,0
i feel unsure or scared i talk,fear,2
i no longer feel timid or insecure when i walked,fear,2
i think is i told my dad and now he feels skeptical about us,fear,2
when india lost the benson and hedges cricket trophy,sadness,1
i feel them gnawing out holes all throughout my flawless soul,joy,0
im starting to feel that im suffering from fatigue,sadness,1
i know these feelings premonitions and so on could simply be the product of my own troubled subconscious grabbing my conscious attention for a bit,sadness,1
i was feeling drained before i even sat in the chair,sadness,1
i always seem to have some kind of life upheaval or additional work stress that makes it hard to feel thrilled about the upcoming holidays,joy,0
i feel shamed and insulted,sadness,1
i just feel like you got to pay to play sweetheart because i dont know not one person in my life that has been faithful,joy,0
i really dont think he looks at my blog too often so i feel pretty safe posting it this layout is full of a href http www,joy,0
i have a feeling his idea of keeping me entertained differs ever so slightly from mine jonny you,joy,0
i feel like a babysitter of year olds who act like naughty year olds,love,4
i rarely consider the garments i m going to put on every day for the reason that i feel self assured that no matter what i put on my body could make these clothes look excellent,joy,0
i feel super glued to my bed,joy,0
i started to open up about it i started to feel more like myself the stephanie who isn t embarrassed by life s setbacks who tackles difficult situations with humor and honesty,sadness,1
i feel deprived of an opportunity to see victoria take the rubies out for the first time,sadness,1
i feel like they are a second family and they all are so supportive and love little miss rylin,love,4
i found myself feeling fairly ignored sort of taken for granted you know,sadness,1
im feeling abit grouchy with kim,anger,3
i feel overwhelmed and i want to forget it all,surprise,5
i feel a little like tom daley who was rightly ecstatic with his bronze medal i also feel that those delightful ladies from the wi really need to fucking lighten up a bit,joy,0
i feel incredibly charmed that i have these people in my life and that i am at such an exciting amazing chapter of things,joy,0
i feel generous sometimes and feed a little of those savings to the birds,love,4
i dont think thats what ill do because i feel its just really awkward,sadness,1
i am not feeling very clever or creative,joy,0
i feel creatively inspired,joy,0
i feel thrilled regretful and alarmed by these changes even the fireflies dwindle to black as we speak with the b,joy,0
i feel less and less the feeling of fear and being afraid and scared,fear,2
i want to feel like i m reading something worthwhile,joy,0
i like the idea of wearing things that are comfortable and make me feel cute,joy,0
i feel like a hot mess,love,4
i only will uploading photos which i feel so sweet to share with all of you lovers,love,4
i read of my friends good news and have an unexplained feeling of melancholy what s up with that,sadness,1
im weary i feel burdened and i could definitely use some rest,sadness,1
i often feel that everything around me is so vain and purposeless,sadness,1
i am feeling very eager for what my darling has in store for us,joy,0
i really feel like is mostly the culmination of starting to play more clubs and wanting to make more dancefloor friendly stuff and having stuff that has a certain tempo range that fits nicely in that setting,joy,0
i know that sounds really recycled and generic but its actually how i feel i love to sing and would more than love to make a living doing that but im going to school because i know that its not in the cards for all the talented people in the world to make it in the music business,joy,0
i have been highly critical of dennis covingtons book in this article i must admit that he did say something that has merit in this discussion when he noted in his closing chapters this feeling after god is a dangerous business,anger,3
i feel impressed to discuss sin again though i do not know why,surprise,5
i press play and yeah i watch my movie about five times in a row right then and there i feel satisfied and cant wait to share what i made with my friends,joy,0
i couldn t help but feel like this was warsaw in a nutshell gorgeous spaces with dark shadows that sometimes creep up on you but that are never around for long before the sun returns to push them back again,joy,0
i feel creatively inspired,joy,0
i feel so hated and useless sometimes i even ask myself why havent i killed myself yet,anger,3
i never want her to feel the pain of struggle of suffering,sadness,1
i left that appointment feeling really bummed that the option of a vbac had been snatched from me but also sort of content with the fact that i had prayed for and possibly received a sign of gods will for this birth,joy,0
i feel that thursday was the important first step that is needed towards helping e get better with her eating,joy,0
i am too dazed confused and too drowned in what women looks for looks wise in a man and feel that i am doomed if i can t aspire to these,sadness,1
i have a feeling its because i was never that friendly,joy,0
i keep having all of these wonderful feelings and dreams and i am so terrified that they are bad or harmful or wrong but they are not,fear,2
i feel it is so important to support them with that extra money so they are able to go to a pub for a drink or anywhere else they wish to,joy,0
im heartbroken about in love with the world but i think maybe im feeling heartbroken so acutely is it came to me today that every time ive been asked to stay somewhere in the past years or so ive left,sadness,1
i feel pretty weird blogging about deodorant but im a bit of a deodorant snob and find it really hard to find a good one,fear,2
i feel fine read the rest,joy,0
i have to mention that i feel slightly unhappy because i have yet to get back any of my prelim papers maths aside and because of that ive been feeling stuck in limbo for the last weeks because i cant really start studying properly until i get back my papers,sadness,1
i love the snow lol it just makes everything feel so tranquil,joy,0
i feel supportive over chinas copyright violations if only for machiavellian reasons,love,4
i cannot feel more sincere,joy,0
i feel like its my fault for letting the vampire in and constantly running into them trusting them befriending them etc,joy,0
i feel like all she wants is his parents fortune which is unfortunate,sadness,1
i can feel dazed by all those choices so much so i find myself standing still in front of that blank page unable to make a move,surprise,5
i feel dumb for asking ryan said but ben cut him off,sadness,1
i feel the need to say that i was very amazed with the quality of the presentation and the resources which mack michaels puts forward,surprise,5
i know when i have had a crappy day and didn t feel productive i feel lousy and sleepy in the evening,joy,0
i feel so remorseful for doing this to him,sadness,1
im typing all of these im blowing my nose and feeling extremely cranky,anger,3
i still didnt see a difference in the way my pores look and while i didnt expect this to work over time i still feel a little disappointed,sadness,1
i feel very unwelcome and unwanted everywhere,sadness,1
i feel they are pretty safe on my blog img src http s,joy,0
im feeling particularly generous,joy,0
i know that feeling myself the strange sense of serendipity where minds collide between pages,fear,2
i still feel disappointed though,sadness,1
i feel kind of strange,surprise,5
im about to go look for him again when i start to feel calm and think that his phone probably died,joy,0
i am filled with despair when i feel like my quest for beauty isnt respected,joy,0
i didnt feel that way with this we got to be with everyone on the dangerous path to freedom,anger,3
i feel my lip curl up into a half smile amused at the way he s put it,joy,0
i woke up on saturday feeling so glad it was saturday and that the work week was behind me,joy,0
i want to feel happy,joy,0
i feel paranoid like we just stepped into a private club where everyone knows each other and we are standing out like nudists at a suit convention,fear,2
i feel was not acceptable and had this been better would of allowed me to meet the needs of some of the students in a more targeted way,joy,0
i don t know it s just that it was like on top of our head so much of yesterday that it was really bothersome and we re still feeling a little mad about it,anger,3
i dont know why but i feel emotionally assaulted by this fact,fear,2
i feel like i m uncertain about things i was once so certain,fear,2
i needed but i m feeling greedy,anger,3
i can truly empathize with your feelings of failure and discontent i would challenge you to re focus that energy in order to gear up for the next cycle,sadness,1
i just didnt feel thrilled let alone excited,joy,0
im feeling generous im going to share them on my blog too,joy,0
ive been feeling the demands of my three beloved males pushing and pulling spinning me around as i dance to the beat of their drum,joy,0
i feel beaten and tattered and washed up and drowning and i rise up for air just for a moment just to hear a little praise and another wave or gust of wind knocks me down again,sadness,1
i should feel all weepy,sadness,1
i think this feeling is fro trusting in god and sometimes its just apathy,joy,0
i feel low just thinking about my motherland gives me a fresh boost of energy,sadness,1
i feel so good,joy,0
i feel super weak and i havent made it through a whole class in two weeks,joy,0
i feel ugly today,sadness,1
i feel low or exhausted i either watch this movie or listen to this poetry,sadness,1
i started feeling my left arm aching,sadness,1
i feel he should have been punished,sadness,1
a scene in a film in which one man repressed another one by concidence,anger,3
i have a rough day every now and then where i feel exhausted all day no matter how much sleep i get and then im good for a week or so,sadness,1
i feel so worthless and ugly a href http afaerytaleinmakebelieve,sadness,1
i feel hesitant to tell them the truth about leaving the house to get the toy,fear,2
i woke up on this morning feeling peaceful,joy,0
im feeling font friendly,joy,0
i feel lethargic and unmotivated in the mornings to wake up and blog or catch up on other things that i could do in the mornings so i can have my evenings free,sadness,1
i really dont feel very sociable in that bar anymore,joy,0
i am feeling completely useless lately,sadness,1
i feel very honoured to be part of our fabulous team,joy,0
id probably go with none on and hope that my date admires a confident girl who feels fine without makeup,joy,0
i am feeling is also a blossoming eager anxiety,joy,0
i want to be to be worthy of them especially when i m feeling the sarcastic crone,anger,3
i hope mine goes well again because at the moment i m unfortunately feeling a bit resentful with the aftermath of the holidays,anger,3
i feel like one of those girls in school that i hated because their outfits were perfect everyday because they went shopping once a week,sadness,1
i think this is the last week of softball and im likely going to suck it up and at least try to play but i feel absolutely rotten going to see what some aggressive hydration does,sadness,1
i am left feeling numb and shaky,sadness,1
i feel like that s a pretty valuable lesson to have walked away with,joy,0
i feel a bit low,sadness,1
i feel pathetic even reading this and thoughts like wow i am such a loser shuffle across my mind,sadness,1
i can t get past is that feeling when a friend walks out of your life and you re unsure why that feeling of not being valued or important enough,fear,2
id love to hear how any of you handle these types of situations as well so if you have any stories of your own feel free to share,joy,0
i feel strange with the judge passing sentence in such a manner,surprise,5
i couldn t know what he was feeling then i thought that he wished he could have been there with us too for each of us knew that however much we hated it at first it was an experience we would remember forever,sadness,1
i feel more energetic and motivated,joy,0
i giggle nervously when i feel threatened,fear,2
i feel tender just now and i am fine with that,love,4
i im feeling rot im feeling rotten today i guess i forgot i am shot im not o,sadness,1
i always seem to have some kind of life upheaval or additional work stress that makes it hard to feel thrilled about the upcoming holidays,joy,0
i feel like god has been gracious in answering prayers,joy,0
i used to share my feeling and thought all to my lovely roomates shermin and joey,love,4
i mention how you exfoliate at the same time save loads of money and feel divine,joy,0
i always feel so lucky that the participants love it too,joy,0
im just feeling really shitty about life in general now that i want to just write continuously,sadness,1
i went home all alone from a restaurant it was dark,fear,2
i was warming up starting feeling a little lethargic,sadness,1
i was feeling unhappy with my work i joined in with the carping,sadness,1
i confess that i was feeling nervous as i made my way to the event venue,fear,2
i have a feeling we ll see the aftermath of laura and gilbert a target blank href http theybf,sadness,1
i feel developers should hear that people are really impressed with their work if they are,surprise,5
i still miss him and feel rather weepy today,sadness,1
i do feel confident that ill be able to compete on price my product is some of the most affordable on etsy but what if people would rather pay more for pompoms and multi colored braided ear flaps,joy,0
i am in a place where i feel hopeful of finally getting a job at another warehouse distributors like where i did work but the products are floral instead of stationary accessories art bags and such,joy,0
i feel sympathetic with mr,love,4
im feeling lethargic these days hence the long hiatus,sadness,1
ill mention i listed because they make also some kind feelings like those five or i only like them and ive good memories from those songs,joy,0
im feeling so overwhelmed,surprise,5
i feel so unwelcome its sickening,sadness,1
ive been munching on craisins when i feel like something sweet,love,4
i feel so valued but vastly underpaid,joy,0
i hoped it would i would feel disappointed and depleted,sadness,1
i feel honored that my art is going to fill a room where sick children need all the joy they can get,joy,0
im feeling generous id treat my friends for dinner or have a bbq at home in our little backyard while the weather is still nice and warm,joy,0
im feeling a little apprehensive about tomorrows weigh in,fear,2
ive been waiting to get some time alone for quite a few weeks now and when i finally get it im feeling a bit homesick,sadness,1
i shouldnt be afraid to go out in public and feel paranoid because ive done nothing wrong,fear,2
i feel all mellow right now but i dont think i have anything on my mind worth writing about,joy,0
i didnt feel angry i didnt feel bitter i felt,anger,3
i have been following your blog i feel like ive gotten to know the real you not some filtered version or a fake internet persona of who youd like to be,sadness,1
i feel the skeptical looks and eye rolls when we say we need a bigger house after all we re dinks double income no kids which is prettymuch the most awesome acronym ever,fear,2
im feeling virtuous ill make do with a rich tea or hobnob but if money and calories are no object it has to be a k,joy,0
i haven t done it in a couple years and now i feel like i m at a place where i hated it when i was doing it but i wish i could do it again,anger,3
i know ken has this down but im feeling really inadequate what am i doing wrong,sadness,1
i get up with max and feel so exhausted that i crawl back upstairs and find sleep for another hour or so but each week i try to make sure i workout days,sadness,1
i was thankful for a slow sunday because i was not feeling so hot,love,4
i feel terrible about the whole situation,sadness,1
i know they don t really mean anything by it but when you are feeling as crappy as i am you find yourself really wanting to give them a wakeup call,sadness,1
i feel hated but i don t care,anger,3
i feel this helps create rich texture and a touch of mystery to an outfit,joy,0
i have always loved my jobs and loved to work and i truly feel like being back there with my patients and co workers will do me a lot of good even if it is only for a few weeks,joy,0
i shy away from songs that talk about how i feel toward god or that maybe even talk about my faithful response toward god,joy,0
im wrestling with the inclination to not go to school today but after reading jamies status on facebook now i feel shamed into going,sadness,1
i know i ll never commit incest but why it feels so much charming,joy,0
i always feel quite smart when wearing this,joy,0
i feel like i am abandoning him in a way but he is so supportive of the move,love,4
i do not believe guns are the solution to feeling afraid,fear,2
i cannot thank you enough for always finding a way to make me feel better,joy,0
i feel so good,joy,0
i have talked about it too much i feel here is a video if you are curious,surprise,5
i feel frustrated and can t see a way to save it,anger,3
i really feel like i m wading in dangerous waters here but i think dialog is really important too,anger,3
i can say that once again after the test drive we left feeling impressed by the cx and with steve and adams assistance,surprise,5
i have a massive identity of my own and always feeling like i take the boring route,sadness,1
i just want the best for that boy maybe i can really stop feeling like im a heartless bitch,anger,3
i feel that wanatribe may become a vital link in my writing network,joy,0
i feel energized and curious again about life about god about my potential to give something back to society and about finding someone after my heart,surprise,5
i feel so glad that i have a cool mama,joy,0
i feel less stressed and at the end of the day usually discover that ive done more,sadness,1
i started to feel resentful of the whole situation and that s when something clicked,anger,3
i feel fairly sure readers will continue to pay for fiction,joy,0
i can t even feel outraged by it,anger,3
i remember feeling surprised that i had the option not to listen,surprise,5
ive spent a while with i still cant make good conversation with and feel awkward around,sadness,1
i feel hated betrayed paranoid childish and hurt,sadness,1
i feel like you feel this is a mistake but time is fucked up sleep won t take,anger,3
i am mellow and feeling particularly fond of all the human race i don t blame fertile people for not really knowing what to say or what to think or how to deal with it all,love,4
im feeling disgusted already but seriously though i dont really like to have my pictures taken cause ive always referred to myself as ugly,anger,3
ive been feeling sooo inspired to wear black and white lately its probably because i follow all of these cool aussie girls with an amazing style on instagram,joy,0
i know whos interested in renaissance and baroque art i can relate with jamie because she like feels tender towards everything and thinks that inanimate objects have feelings,love,4
i feel like all women are witches in someway why do we have to be tortured for being beautiful and powerful,anger,3
i am thankful for the opportunity to help others feel better about themselves and i am grateful that i can help educate others on have to achieve their goals as well,joy,0
i began to feel less anxious,fear,2
i use this as a ugh its been a long week lets make myself feel pretty mask and ive honestly been loving the effects,love,4
ive had my ass handed to me by murt and im starting to feel fucked but just a little,anger,3
i know i am not alone in this feeling and a supportive community is the antidote,love,4
i feel successful as a lazy mom,joy,0
i feel like watching some delicious trash i always want to include my partner in the ritual,joy,0
i doubt any of the stress and grief that i feel will be resolved,joy,0
i feel gloomy upset whatever negative emotions i take a look at my colorful paint pots and it will instantly lift up my mood,sadness,1
i feel eager to do,joy,0
i do not want to feel regretful because i did not stop you from smoking before so much damage was done,sadness,1
i lie awake for hours and look at him and at times i feel so ashamed of my thoughts,sadness,1
i liked the ending but i did feel like it was a little bit rushed,anger,3
i pretty much have everything in place to feel terrific going into this affair,joy,0
i still feel fine but i can tell i am getting weaker,joy,0
i feel physically beaten and so very exhausted,sadness,1
i can understand that the people here are not nice to them and that they feel isolated and alone and think this life is just not worth it anymore,sadness,1
i am feeling hesitant right now going in this alone but am trying to remain optimistic,fear,2
im heartbroken about in love with the world but i think maybe im feeling heartbroken so acutely is it came to me today that every time ive been asked to stay somewhere in the past years or so ive left,sadness,1
i don t feel the issue is resolved,joy,0
i dont know why im feeling so listless,sadness,1
i enjoy hearing the faith stories of other believers sometimes these stories leave me feeling inadequate and guilty,sadness,1
i just wanna say that the last three months i feel so happy about my blog,joy,0
i don t dispute that the theory has some applications i just feel that it is universalized too often and is especially abused in a culture that is accustomed to being able to control circumstances and produce a desired outcome hmmm what culture could i be referring to,sadness,1
i also loved the feeling of that gentle rippling through the body when i floated in water it was a bonus having friends with pools growing up in australia,love,4
i feel louis vuitton took it up to the court and now on for instance ebay you cannot buy fake lv anymore well not on purpose that is,sadness,1
i am thinking and keeping current so they don t feel they need to keep me entertained or babysat me by giving me more work or projects that are not needed,joy,0
i feel like i have to pee already just thinking about this thing poking at my g spot but i m determined to find a stimulation method i enjoy,joy,0
i attributed this depression to feeling inadequate against the unrealistic ideals of the lds church and while i still hold those ideals somewhat responsible i recognize this pattern of behavior,sadness,1
i am standing in my oversized tee shirt baggy yoga pants pulled up hair already semi sweat streaked from spin and am trying to feel graceful and sexy,joy,0
i feel you are being wronged i will back you,anger,3
i feel extremely blessed and lucky that my company believes in me enough to let cut my hours down and that am so thankful to all of you my readers for reading what i have to say on here,love,4
i feel honored to have that kind of support,joy,0
i feel really inadequate and i just wish i had enough brains to atleast pretend to know what i was doing,sadness,1
i woke up this morning wanting to cry and the feeling hasnt been shaken yet,fear,2
i could feel his sweet spirit and i was happy to be helping him,joy,0
ive realized over the last few months that i generally tend to feel tremendously dissatisfied after having sex with him,anger,3
i feel generous this evening and id like to share a pie crust recipe to help those who have struggled with trying to make a pie,joy,0
im feeling a bit jaded,sadness,1
i always feel horny when im done but its definitely a large flaccid and my penis is sleepy and hangs low,love,4
i feel that positive vibe just bashing its way slowly but surely through this door of negativity and yet i feel like its not nearly close enough,joy,0
i have still been feeling numb i cant feel myself chewing or swallowing food,sadness,1
i was definitely feeling nostalgic and was a bit sad when one of my favorite exhibitions the hall of ocean life was closed,love,4
i don t feel depressed for lack of a husband all the time,sadness,1
i would feel i was devastated,sadness,1
i am feeling resentful because i am thinking to myself that she should trust me,anger,3
i am happy to see that he is off with hopefully a good job but i can t help feel a little greedy,anger,3
i feel really irritable when im surrounded with it,anger,3
i feel that disdain from him when i acted as if id been wronged by him,anger,3
ive been feeling a little homesick these days a usual thing around holidays but have been bringing some things from home into our celebrations here to ease the feeling of being far away,sadness,1
i can whine and pour my heart out without feeling awkward,sadness,1
i feel like im not the only whos fed up with the world and im glad they trust their watchers with this kind of information,joy,0
i feel virtuous for going to spin class then driving all the way to blackburn in the manual unsupervised and sucessfully handbrake starting,joy,0
i feel like its the perfect time to enlist some extra help,joy,0
i have a bad feeling about something that should be respected,joy,0
i feel comfortable enough doing presentations in front of professors and students i am a performer so its somewhat like the same thing most of my experiences back in grade school were hard when it came to presenting because i wasnt into it or got made fun of,joy,0
i feel lousy on a daily basis,sadness,1
i always feel so delighted to know that there are so many other people who are just as inspired and in love with the old fashioned graphics and illustrations as i am,joy,0
i ran despite feeling rotten and i m glad i did as well as i did but i really want to do better,sadness,1
i tend not to shower on those days and feel slightly rebellious getting all stinky and doing nothing,anger,3
i have trouble not focusing on it not feeling it all throughout the day because i know he s suffering and i know my mom is suffering in a whole other way,sadness,1
i was in the firm i feel passionate about what i am doing because it challenges my mind and intellect to solve some design problems and be around architects and designers really helped to create a conducive environment,love,4
i dont expect reilly will mess them up and since we have no cats i feel pretty safe leaving them in place,joy,0
i had just lost my uncle i would be sad but i feel as if i am devastated,sadness,1
i feel i shouldve enjoyed this trip as i always very eager to see aussy but i cant feel such feeling as mom is not among us any longer,joy,0
i feel a strange sense of foreboding,fear,2
i was feeling pretty impressed with myself,surprise,5
im feeling a bit cranky today,anger,3
i also think it is puzzling that after this particular administrator has singled me out for praise on my ability to get my students to read that he feels that ssr time is not a productive use of class time,joy,0
i hope that one day i can escape tia place that i feel has held me back that has inhibited me from reaching my potential but that isnt me for decide just to pray on,sadness,1
i feel like i would have more direction that i would still feel innocent,joy,0
i remember feeling a bit confused and really questioned her saying that to me,fear,2
i send an email and show my true feelings on an issue i do run risk of it being ignored,sadness,1
i mean it is exhausting to feel bad all the time,sadness,1
i wish i did more of because every time i do i come away feeling invigorated and inspired,joy,0
i had continued to think along those lines i probably would have done the dishes in anger and when he got up wed have had a fight about that with me feeling completely abused,sadness,1
i feel cute because the tune of the song days of christmas played on my mind pia again almost my best friend because were going out like everyday and i can share to her almost everything and we understand together and i went out,joy,0
im in the kitchen and glance over at that lovely robins egg blue binding i feel assured that anything i will ever need to know about food can be found within those pages,joy,0
i feel burdened with the subjects i am taking,sadness,1
i want to be a federal prosecutor and dc feels like the perfect place to pursue my legal career,joy,0
i currently have it sitting in a bowl of rice in the sun in the hope it will dry out but im not feeling optimistic,joy,0
i created a new profile before and i feel ok cuz i already know who i added,joy,0
i wish it was a more comforting feeling but instead it feels strange like living the memories of someone else or maybe having woken up from a long dream or a long sleep years and finding that the trees around you have grown taller,surprise,5
i need to feel like people can love because because im not convinced that i believe that people have that capacity,joy,0
i spent all day the other day feeling very morose because every once in awhile it would hit me that hilmari is dead,sadness,1
im sure the bundle guys are feeling pretty generous this time of year,love,4
im pretty sure everyone left feeling festive,joy,0
i feel that charlie was being very generous in sharing writing credit with me as he clearly could have done the music without me,love,4
im feeling doubtful about my writing dreams to know shes behind me,fear,2
i feel like affirmation however petty is what i really need,anger,3
i feel uncomfortable with the fact i am so powerless at the moment,fear,2
i don t get it you ate because you wanted the good sensation that eating provided the full feeling the delicious soporific effect that luscious hazy dreamy state that ice cream gave you and now you re going to put yourself through torture,joy,0
i feel its a pathetic way to get sympathy,sadness,1
i am unable to conclude what kind of person i consider myself i can say feeling guilty and uncertain helps me to realize some of my flaws so hopefully i can move forward in my life to think about situations and my words more thoroughly before acting,sadness,1
i feel amazed because when he watch his victim intensely the lying blonde has a pretty face like a girl his skin so smooth his lips so soft and pink and,surprise,5
i only feel vaguely remorseful,sadness,1
i have a feeling that even if this was the only line up there jesse might make the hike all over again just to finish this amazing project,surprise,5
im usually so strong but she has this ability to make me feel like a naughty child that doesnt know what shes talking about,love,4
i feel like i ve been beaten up by an american footballer then run over by a london bus,sadness,1
i feel fine e terminando com eight days a week um ano depois,joy,0
i feel burdened by her presence,sadness,1
im not only thankful that everything seems to be working out as i wrap week at my new job but also feeling pretty lucky to have the people we do in our lives,joy,0
i would still feel unhappy and sad,sadness,1
i feel helpless here with no car no cash no say,sadness,1
i feel weird knowing mine died when i wasn t around,surprise,5
i need the cantor ministry after you made me feel that they all hated me and supported your views of me,sadness,1
im feeling my way through and trusting myself,joy,0
i feel lucky to the point of feeling guilty about having got away without more serious damage and disability,joy,0
i only share what i feel is valuable information,joy,0
i know mom s who would take once look at my facebook profile and feel envious of all the fun i seem to be having out with my friends the carefree state that my life is in where i am only responsible for me and can pick up at any time and go away for the weekend,anger,3
i know how it feels to find someone who is irresistable and remain innocent,joy,0
i feel pretty blank right now and thats good,sadness,1
i feel that as we study him we find that he was indeed a perfect example of what any christian and especially a latter day saint should be,joy,0
i reply feeling suspicious,fear,2
i feel like they hated me since then,anger,3
i spent a lot of time earlier this year feeling stressed out about capacity and resistant to stretching it because it felt like stretching me,sadness,1
i feel so very loved by a href http www,love,4
i was feeling really shitty invaded disrespected and i was not even one of the actors victims,sadness,1
i am from new jersey and this first drink was consumed at a post prom party so i feel it s appropriately lame,sadness,1
i just want to achieve something to make myself feel worthwhile to dig myself out of this gaping hole of depression and ridiculous anguish i feel every day,joy,0
i don t know i ve not tried a new character yet the universe feels much more lively than it did when i began so i m hoping that s true for new characters as well,joy,0
i feel embarrassed that im doing it because i think people like me insert liberal amount of negative self talk about weight dont do things like this,sadness,1
i start to daydream about accidentally hitting the end call button that i recently took up flossing after a year sabbatical and it has made me feel strangely superior,joy,0
i actually feel insulted when the plot goes off on a tangent like that,anger,3
i almost always feel awkward,sadness,1
i feel hated helping prevent gay,sadness,1
i feel energetic and fresh and the great things is my eye sight has improved a lot,joy,0
i do not feel remorseful and ask for forgiveness when i know ive done something wrong,sadness,1
i feel defeated extremely agitated as well as frustrated beyond words,sadness,1
im feeling weird,fear,2
i would feel miserable but i believe this misery comes from me not placing my faith in the works of christ,sadness,1
i hope that you are all feeling festive and keeping warm,joy,0
i cough alot more and feel somewhat irritable at times,anger,3
i feel distracted or scattered i take a few moments to close my eyes and just breathe,anger,3
i feel strongly about or a line that i want to draw in the sand so to speak i shouldn t be afraid especially at this point to bring up how i feel about what my conclusion should entail etc,fear,2
i read premonition i had this rare feeling that i was caught by how dewi lestari plays with metaphors crazily in her charming words,joy,0
i feel the nearness of my beloved grandpa bishop hi grandpa,joy,0
im feeling frantic about time as if the whole summer were a giant hour glass and if im not vigilant all the sand is going to rush out in a whoosh and ill have dipshit to show for it,fear,2
im feeling really lonely and feeling like im missing a part of myself,sadness,1
i also feel your hot body against mine,love,4
i always get questions about blocking in my classes and its a topic i feel pretty passionately about as a knitter and as a teacher,joy,0
i feel irritable like no other and running will def cure that,anger,3
i just stayed there letting myself feel a little melancholy,sadness,1
im under a lot of stress and feeling overwhelmed,fear,2
i was warming up starting feeling a little lethargic,sadness,1
ive been feeling ignored,sadness,1
i just don t feel thankful rel bookmark some days i just don t feel thankful posted on a href http babychaser,joy,0
i feel when i sit next to my beloved nancy,joy,0
i gotta say that i feel like i was suckered into buying the iphone s because i saw the ads on how cool siri was,joy,0
i feel a bit dumb,sadness,1
i go shopping i feel like julia roberts in pretty woman,joy,0
i found myself feeling lousy which is pretty unusual for me,sadness,1
i think im going to go play with larry now and feel awkward about my singing instead of all that i admitted up there,sadness,1
im feeling cranky,anger,3
i could have been cooped up in a motel feeling very depressed and alone until my flight home,sadness,1
i feel ugly to stop being lazy so i dont embarrass my friends to wear white so i could have short hair without feeling fat not that i really want short hair but still to be able to kiss someone without feeling like i have to pull away,sadness,1
i feel more positive today,joy,0
i know we often feel like we dont know what books to use during our lessons and sometimes find the provided leveled readers to be boring,sadness,1
i am feeling lost for not being on a regimented strength program,sadness,1
i honestly feel a little bit relieved,joy,0
i last saw him and already im feeling this agitated,anger,3
i feel like that s a pretty valuable lesson to have walked away with,joy,0
i feel like a child with a most delicious treat while drinking it,joy,0
i know how it feels to suffer pain and sorrow and loneliness and to know that mom is suffering because of her illness,sadness,1
i feel that this a very clever and humorous idea that is memorable,joy,0
i volunteered for everything and wound up feeling overwhelmed and people got mad at me for not being able to meet my obligations,surprise,5
i talk to you i feel like a lot gets resolved,joy,0
i felt this way before i was feeling rather reluctant whether should i go down to bishan to fetch my boyfriend,fear,2
i feel hesitant about talking about this,fear,2
i was thankful to at least feel well enough to sit with my husband and kids at the table even if it was only for minutes before i felt like passing out which carson actually accomplished into his sweet potatoes no less poor guy was sooo tired,joy,0
i don t know i ve not tried a new character yet the universe feels much more lively than it did when i began so i m hoping that s true for new characters as well,joy,0
i wish it had been a little more and this makes me feel greedy and sheepish and lazy for not having worked harder over the last few months,anger,3
i want to make is this final one when we feel abused at these writers faking it we rupture the reader writer relationship,sadness,1
i feel determined to do well for my mother tongue paper that will be here in odd days time,joy,0
i am a very goal oriented person and i never feel more satisfied than when i am in hot pursuit of a goal,joy,0
i remember looking out car windows as i was passengered around those first few months and feeling vaguely surprised as i was already deep in shock at how different things looked,surprise,5
i feel completely honored to be an influence to this young talented fully alive beautiful girl woman,joy,0
i feel terribly helpless sometimes but even with the limited spiritual awareness that i have i am able to find the answers as i know the end is not the outcome of my decision i ll be able to move on readjust pick up the pieces re centre myself or enjoy my decision,fear,2
i feel our children are caught up in these unfortunate situations by no fault of their own and they so deserve to have a voice and someone to be there just for them and their best interests,sadness,1
i feel obnoxious for saying that,anger,3
i am an infp a very strong introverted feeling person you could say i am passionately emotional about even the most insignificant of things,sadness,1
i feel so unwelcome there but not because of her or gary i just feel that i shouldnt be moving back in with them,sadness,1
i could listen for hours without feeling either threatened or the slightest bit shocked,fear,2
i was in sams angsty headspace jensens voice singing bon jovi was making me feel horny as hell,love,4
i feel less respected less,joy,0
i feel like amazing x men compensated enough to earn it a out of,surprise,5
i am so pissed now lol screaming silently baby sleep beside me well thats that and tody is another day and i feel like being petty,anger,3
im feeling a little bit apprehensive about entering a new chapter again and having to prove myself all over again,fear,2
i love that i feel valuable i love making the choice i love that it s easy to make the choice to feel good,joy,0
i need to find a way to get over this yet i feel hopeless,sadness,1
i feel so helpless because i dont know what more to do,fear,2
i feel so frightened i just wanted to document the way i m feeling,fear,2
i loved my supervisions because i come in feeling like a dumb dumb and leave feeling so heroic as if ive accomplished something huge,sadness,1
i could feel the stress leaving my veins and just getting out of me it was wonderful,joy,0
i feel like a tree which is being shaken rudely from its comfortable ground,fear,2
ive been feeling sooo inspired to wear black and white lately its probably because i follow all of these cool aussie girls with an amazing style on instagram,joy,0
i hate feeling pressured into having to carry on conversations because if i didnt it would just end up with the two of us breathing at each other until our receivers got all steamy,fear,2
i am currently but i can t even do that right now without feeling indecisive and tied to school and writing and assignments,fear,2
im just feeling bashful whenever i talk to you,fear,2
i feel blessed to be on this journey so quickly and honored to help,love,4
i wanted it to feel special for all the guests that alise and jeremy chose,joy,0
i wouldn t throw it in the ocean but i don t feel i would have missed something in my career if i don t win an oscar,sadness,1
i feel kind of strange,surprise,5
i feel very reluctant talking about death,fear,2
i have to go to a meeting and i m sleepy a lot of times i will fall asleep in that meeting or i will fight to stay awake and i feel like i m being tortured to stay awake,fear,2
i am not feeling too super,joy,0
i have been with petronas for years i feel that petronas has performed well and made a huge profit,joy,0
i have felt so loved and i have so much love for the people in my life that i feel content with where i am at right now,joy,0
i wasnt feeling so ashamed that i spent a whole lotta time and precious energy doing this mind you,sadness,1
i was feeling remarkably calm at this point,joy,0
i amos does such a beautiful job retrofitting cohens song and really his basic arrangement too with her own piano work that it feels to me like more of an artistic effort than merely paying homage,joy,0
i feel respected and what i have to say matters,joy,0
i know i have certain aspects of my personality attitude that could be improved i have been under the impression that everythings been fine feel absolutely assaulted by the statement that my co workers have been complaining about me behind my back,fear,2
i love to add just a little milk and when i m feeling especially naughty a splash of caramel and vanilla syrup but shhh,love,4
im feeling resentful and persecuted about that whole aspect,anger,3
i just feel like i need a shower and a really mellow day,joy,0
i am stories this week and decide not to be separated from the feelings you are after any longer by introducing a little sprinkling of the delicious feelings you are after right away,joy,0
for the loss of a close friend or relative,sadness,1
i was feeling rather sentimental as i expressed to her how blessed i was that she was my mother and also my best friend,sadness,1
i am feeling a bit nostalgic today,love,4
i continue to add more so please feel free to explore and let me know what you think,joy,0
i am not an expert i am simply a filmmaker and i feel really uncomfortable speaking from a level higher than the audience especially when there are often real experts in the audience who know much more about medical and radiation issues than i do,fear,2
i am feeling pretty shaky and sad,fear,2
i am a bit out of my comfort zone too and im feeling a tad apprehensive,fear,2
i search search search and very rarely feel satisfied with the solutions found,joy,0
i feel like every day i walk around with so much stress and sadness that im literally amazed im still here that i still function that im still basically a friendly stable person,surprise,5
i am going to assume a moral obligation to find a way to make sure i feel pretty damn rich every day,joy,0
i reali feel glad,joy,0
i think i feel the coldness more compare to other people who can withstand low temperature,sadness,1
i dance i should feel pretty,joy,0
i feel pain or aching in can stop,sadness,1
i am feeling listless without direction,sadness,1
i really like him he has good morals and is very nice to me and respectful but its like i feel like i still belong to brad and i couldnt picture myself with eric because hes too innocent,joy,0
i had just begun to feel like teaching was my metier but am now resigned to the fact that i likely wont teach at university ever again,sadness,1
i am a follower friendly blog so feel free to leave a comment so i know you have visited,joy,0
ive been desperately trying to finish up my machine learning p set but im now far enough along that im no longer in complete panic mode i feel like my mood is on a spinner is she detachedly amused or freaking the fuck out,joy,0
i feel totally drained emotionally and physically the holy spirit never ceases to fill me up and speak to me,sadness,1
day i received my te score and acceptance into my chosen course,joy,0
i volunteered for everything and wound up feeling overwhelmed and people got mad at me for not being able to meet my obligations,surprise,5
i have nothing but respect for not only jerry sloan but the utah jazz as a whole i feel wronged that we were forced to stomach this series,anger,3
i find is that these things are effecting loved ones who i love dearly so i feel so so helpless so what is the remedy for the hard times,sadness,1
i told you how i felt and you treated me bad you made me feel so stupid but you know what,sadness,1
i did feel like things were resolved a bit too quickly at the end though i am intrigued to find out what happens in future books,joy,0
i do feel picoult is a talented writer the subject matter put me in a state of depression,joy,0
i have that spring fling feeling again and like a flower unfurling my artistic soul is ready for some sunshine,joy,0
i often pass by the streets of jurer and feel impressed by some nice constructions and safe atmosphere it has,surprise,5
i talked to him i tried not to ask about how he was feeling i was convinced that everyone would be asking him the same things and he was probably a bit sick of always talking about it,joy,0
i personally feel to confront violent death with absolute openness for example on video which is not something i have managed to do yet,anger,3
i started this blog is because i was desperately lonely and i wanted someone to know how i was feeling all of the ugly thoughts and emotions,sadness,1
i hate getting behind because then i feel pressured to get it all back up to date so i can move on to other projects,fear,2
im not feeling all that happy or thankful today,joy,0
i feel rude bring my own fridge i do eat food but i guess my option,anger,3
i pray that each of you who is hurting or feeling afraid tonight finds peace and soon,fear,2
i coaxed myself up onto a high horse reminding myself how gratuitously and nastily homophobic stand up comedy tends to be and how even if sam kinison s semi famous friend or his opening acts did not happen to fit that bill i still didn t feel like supporting the industry,joy,0
i am still feeling passionate progressive and motivated but i am no longer trying to do everything and anything that i have never done before,love,4
im feeling so sad that come in later years,sadness,1
i wrote deepika feeling very discouraged and thinking this silhouette just would not work for me,sadness,1
i feel like this service is at its core relatively useless,sadness,1
i wasn t feeling hot i knew that i needed to cool my body temperature and drink more fluids,love,4
i feel like i have to pay a fee for my broke heart,sadness,1
i broke my uncles radio player accidentally and so i feared that he was going to cut me off from going to his house as well as playing it again,fear,2
im so going to end up feeling slutty and be like ah,love,4
im feeling resentful and persecuted about that whole aspect,anger,3
i have a feeling that even if this was the only line up there jesse might make the hike all over again just to finish this amazing project,surprise,5
i am on the write track i feel contented and at peace,joy,0
i was so nervous all i remember is my heart beating loudly and feeling insecure as others watched me from off stage,fear,2
i feel like handing the kids over and saying here you think theyre so cute,joy,0
i am sitting here today feeling just miserable,sadness,1
im feeling a real casual day ill go for brown eyeliner instead,joy,0
i feel like since i missed out on so much school my brain is craving knowledge of any form,sadness,1
i feel so hesitant to say anything positive trying to hold my breath so to speak because none of this really matters until i know that shaun has passed the dlpt,fear,2
i feel more adventurous willing to take risks img src http cdn,joy,0
i packed this time around feeling apprehensive about this challenging season and happy to decompress for a few days at my dads before coming home,fear,2
i have unwashed hair but a new shirt and also the weather is the bomb but i also feel sleep deprived and havent had a diet coke and its am,sadness,1
i am feeling a bit ecstatic about a kinda new clothing business brand sendi,joy,0
i also find it the most challenging to wrap up a story that brings good closure and a conclusion that doesn t leave that reader feeling cheated or rushed,anger,3
i am feeling somewhat melancholy over that,sadness,1
im reminding myself to feel calm,joy,0
i feel so horrible that you had to go through all that just because you grew up a little earlier than your friends,sadness,1
i really feel rotten and my ear hurts so bad but i still managed to work out days and really push the intensity,sadness,1
i feel more mellow again,joy,0
when i happen to witness some sadistic acts,anger,3
i really do miss the feeling of loving someone deeply and having that someone to love you back,love,4
im so afraid that i will fuck it up like i did with phil but im at the perfect time in my life and this feels so much more flawless,joy,0
i love the most about them is the slight cat eye shape of the lenses they instantly make me feel likeaudrey hepburn in breakfast at tiffanys so glamorous and of course that gorgeous case doesnt hurt either,joy,0
i suppose thats wonderful because it means that they can learn so much so quickly and also make me feel like an idiot much the way i did to my parents when they couldnt figure out how to leave an outgoing message on the answering machine,joy,0
i feel a little skeptical but what have i got to lose,fear,2
i was young but i cant get that feeling back shes got a killers grin on and maybe im just too jaded now and i wont leave ill try and pretend cause weve got nothing to lose but time so here we go again,sadness,1
i love reading your comments so please feel free to leave them,joy,0
i would say that when they start they will feel really intimidated by the code and how vast everything is,fear,2
i paused feeling that what would come next would be fake,sadness,1
i feel virtuous for a few seconds when i reflect that i did spend something when i went to the swimming pool working towards personal fitness yes,joy,0
i feel so wronged but what can i do,anger,3
i probably would have bailed at the half way mark when i was feeling quite low physically and mentally,sadness,1
i have definitely seen and felt many blessings from heavenly father especially on the days when things feel gloomy and lonely while mike is away working hard for our future,sadness,1
i was part of the family and have a feeling of being accepted,joy,0
i go shopping i feel like julia roberts in pretty woman,joy,0
i do find that this question puts me right at the edge of bringing the love of the dharma into the world an edge that i feel is vital and necessary,joy,0
i might be feeling a bit cranky,anger,3
i don t feel rejected or abandoned which speaks volumes to the expansion of my self worth,sadness,1
i ignore her once shell keep trying and trying and trying till i break down and feel horrible about myself,sadness,1
i thought i hope our vanquished england failures are watching this and feeling very envious and determined to do everything to improve and maybe one day do something similar before i die,anger,3
i know they mean no harm but i cant help but feel offended,anger,3
i feel indecisive it feels like the security that i usually feel from sensing the ground beneath my feet is suddenly gone and i am left feeling wobbly and unhappy,fear,2
im still not sure why reilly feels the need to be so weird,surprise,5
i feel that i am just so unimportant in this life,sadness,1
i sometimes feel shy about my musical taste because some of it wanders towards what some might call techno slander,fear,2
i get to feel virtuous in comparison to him but i don t really have to put out,joy,0
i was running hard i was running fast and i feel like the last minutes i was probably hitting low s,sadness,1
i feel better i dont for a little bit,joy,0
i am so very sorry to hear you re feeling so exhausted,sadness,1
i feel ecstatic when youre with me mr mrs lightning rod,joy,0
i feel so smart even though its really easy to do haha,joy,0
i am just feeling grumpy and sore,anger,3
i like doing leaving me feel inadaquate under valued and under appreciated,joy,0
i have my best most productive happiest days when i m feeling inspired,joy,0
i see myself behave in relation to feeling positive or negative and the way others perceive me within doing so,joy,0
i love wearing new shoes i just feel so glamourous and when i get a pair of designer shoes i love the box and all the trimmings that come with them,joy,0
i hold the bow it make me feel cool,joy,0
i have to admit that i was feeling distracted by the fact that i was blocking traffic,anger,3
i really started to feel that the ica was an association worth supporting and maybe something that id enjoy being a part of,love,4
im feeling this longing for this endless love that maybe we could have if we let ourselves,love,4
i always notice even though she is fabulous at hiding it according to the rest of the world and feel it keenly and am greatly distressed,fear,2
i am not surprised that some people may be feeling outraged at the terrible environmental consequences of the logging and the dam and after seeing how their leaders have betrayed them are now turning to higher authorities divine help as a last resort,anger,3
i was feeling determined it didnt take long for me to start nomming on naughty stuff again,joy,0
i feel that the people i have allocated my questionnaire to a representatives of my target audience so therefore their results are valuable to the success of my advertisement,joy,0
i feel my lip curl up into a half smile amused at the way he s put it,joy,0
i was happy with the progress but i was also beginning to feel a little hopeless,sadness,1
i did not make them feel submissive enough and i wonder am i strange or are they,sadness,1
i feel so peaceful so i know i made the right decision,joy,0
i hope that one day i can escape tia place that i feel has held me back that has inhibited me from reaching my potential but that isnt me for decide just to pray on,sadness,1
i begun to feel distressed for you,fear,2
day i received my te score and acceptance into my chosen course,joy,0
i was most stressed about have finally come to an end and i feel relieved,joy,0
i was feeling a bit rushed and the kitchen has just been cleaned so i mixed up in the blender which i find works just as well provided your butter is really cold and you dont over do the pulse,anger,3
i feel like i ve lost some of my main roots i feel less secure emotionally financially and socially,sadness,1
i have a lovely nesty feeling after looking at all that cute teeny weeny clothing,joy,0
i do do what i do it always feels worthwhile as soon as i step foot in that stadium wherever it might be in the world i feel at home,joy,0
i just feel glamorous in it,joy,0
i feel the moment that i know im real they judge without supporting facts ive cut there is no going back,love,4
i have to report and suddenly your author feels bashful for his maniacal rants,fear,2
i feel truly blessed to have had the opportunity to participate in review groups and i have enjoyed trying out these products and giving you my honest opinion,love,4
i have a feeling that your father already convinced him of that,joy,0
i miss how safe and comfortable he made me feel and how vulnerable i was able to be with him because i knew he loved me,fear,2
i just think it is so quirky and the other day i was not feeling along with a few of the kiddos so daniel being his sweetheart considerate self went and got me this movie,joy,0
i don t want to use this space as a political soap box i feel we have reached an important crossroads that may strongly affect the future of our food in this country and possibly in this world,joy,0
i get headaches am easily agitated feel frightened and aggressive,fear,2
i feel i am determined to regain my routine i once had and of which i was so proud,joy,0
i was sitting here feeling defeated,sadness,1
ive been munching on craisins when i feel like something sweet,love,4
i don t think that woman ever feels generous because she is too busy dying of love,joy,0
i am presenting here a few that we have managed to find which really clean your hair really leave it feeling lovely and really really won t irritate your skin,love,4
i do not feel useful,joy,0
i was having a cig and feeling like ok ill just write my colomn about how conservatish men are tha best bfs and tha best lovers,joy,0
i was a mess completely stressed out feeling terrified of doing the wrong thing of mis stepping or of in any way dishonoring or upsetting my medicine family or any of the participants in the quest itself,fear,2
i do not feel particularly delighted in,joy,0
i love the porn industry and i feel satisfied and fulfilled working in it i have to say that it doesn t really bring in the big bucks,joy,0
i thought this was a good idea in that it gave you time to recover if you were feeling nervous or overwhelmed and also gave you the opportunity to make your escape if you felt so inclined,fear,2
i am not able to show that directly and so i feel suffocated and irritated,anger,3
i made the mistake of wanting spiritual feelings to endure and remain romantic,love,4
ive been experimenting with lemony cakes and after several tests i feel i must share with you the recipe for this lemon and vanilla buttermilk cake because it is utterly delicious,joy,0
i really feel relaxed is when i am in my art class painting and it is really conveniently at the end of the day so i can unwind and take a breather,joy,0
i usually feel suspicious and guilty about this considering how little i do during my work day,fear,2
i am glad he is ok but it makes me feel even more alone in my sadness,sadness,1
i feel so useless to her because the help i want to give her is the kind she doesnt believe in and doesnt want,sadness,1
i keep forgetting but shouldnt is no matter what happens i should not hesitate or feel too ashamed to come back to allah and get back on my feet,sadness,1
i did not want to feel discouraged looking at a gain,sadness,1
i feel pretty weird about that considering what my friends and colleagues in nyc and new jersey are going through but it s just the reality,fear,2
i was feeling generous that saturday morning and told them to go ahead with their plan to have the stand and if they made enough money id take them to the theater to see a movie,love,4
i didn t like the first book should have stayed with my gut feeling on that one liked the second book pretty well third book was a little better and i hated the last book,love,4
i feel like i m uncertain about things i was once so certain,fear,2
i feel so depressed when i m not with her and when i think about her because it is so destroyed i just think i should move on,sadness,1
i know i probably shouldnt write with that sort of angry passion here on the blog but i never want to feel inhibited on what i can and cannot post,fear,2
i feel drained and depressed by it all,sadness,1
i have a sick feeling a longing for each second to be with you even though that will inevitably make it worse when you leave liverpool,love,4
i feel so bouncy and happy,joy,0
i was feeling a bit rebellious today,anger,3
i hope that by telling them ill find out more about who i am how i got to this place in time and not feel so lost and alone,sadness,1
i might be afraid to leave the house to nurse in public to commit to a social engagement or to wear anything that makes me look worse than i already feel so in honor of fearless friday i invite our newbie mom readers to do something that scares them,joy,0
i was really uncomfortable but i got over that because it did make me feel pretty once i put everything else together,joy,0
i woke up even more tired than the night before and feeling groggy,sadness,1
i feel shaky dizzy and my stomach starts to hurt if i miss a meal,fear,2
i focus on the injustice the anger rises and i feel frustrated because i know i cannot change things on my own,anger,3
i feel about this band perhaps i m too distracted by the hardcore dancers flailing around,anger,3
i should feel blessed to have but what about me cause i thought i mattered in this situation,joy,0
im feeling somewhat verbally lame as i listen for the eighth time to suzanne vegas nine objects of desire,sadness,1
i feel awkward because i have a grown child of my own but at the same time i try to place myself in their shoes and when i do that i realize i would do the same for my child no matter the age,sadness,1
i should have gone to my room and waited for him to feel benevolent enough to give me my pendant,joy,0
i keep finding all these people who make me feel so terrible about life,sadness,1
i feel some kind of sincere connection to everyone i talk to while im working,joy,0
i feel privileged and honored to be able to represent my college in such a prestigious event,joy,0
i feel like any time anyone gets into the ring with him they are so intimidated by his arms and legs they dont even really try,fear,2
i found these emails from scott dale and just reading them frusterated me so much that i feel the need to post them and show the world what a neurotic freak he was is,fear,2
i feel these paints will be perfect for my plein air work,joy,0
i feel kind of over entertained,joy,0
i bet taylor swift basks in the knowledge that the boys she writes songs about probably feel tortured,fear,2
i didn t feel rushed to finish millions of things and i was able to focus on each task separately,anger,3
i just tell you that the feeling of a skid is not pleasant,joy,0
i feel sympathetic to them its hard to lose that third place,love,4
i adore who watches my gift list and when he knows im feeling unloved he surprises me like this,sadness,1
i do feel offended and i think justly,anger,3
i have some christmas undecorating to start but im in no hurry i like feeling festive,joy,0
i feel like he counted my letter as one supporting the current status quo which to say the least is not what i stated,joy,0
i say that feelings dont dull selectively,sadness,1
i can feel accepted,joy,0
im sure that oft feel ignored after a summer of planting weeding and harvesting have occupied our hearts hands and minds,sadness,1
i feel gloomy yet excited,sadness,1
im constantly feeling alone,sadness,1
i have a pit in my stomach feeling disappointed,sadness,1
i feel embarrassed by it,sadness,1
i am all about empowering women i truly feel that they are the more intelligent sex but what is enough,joy,0
i was and am feeling honored to shoot for ffayths new collection,joy,0
i really needed to hear today i really struggle feeling valuable just staying home i know it is important and that is why i do it but it was great hearing how much my husband values what i do every day,joy,0
i feel that i am just so unimportant in this life,sadness,1
i may be smitten or shy and i might even bat my eyelashes a few times and smile because i just cant help but feel charmed by you,joy,0
im feeling craving theres always a tender morsel of a song ready to appease my appetite,love,4
i guess it all just depends on my mood whether im feeling sociable or not,joy,0
i was feeling for the horses cooped up and determined if we got even a little stretch of weather i was going to see that each and every horse got a chance to get outside,joy,0
i feel so blessed to be apart of it,love,4
i feel as though ive reached a point in my career where im highly respected there,joy,0
i feel strange out of sorts and i wont resort to this again,fear,2
i am presenting here a few that we have managed to find which really clean your hair really leave it feeling lovely and really really won t irritate your skin,love,4
i am never happy for the things i do have i feel so ungrateful for that,sadness,1
im not feeling insecure this month im feeling full of oomph,fear,2
i feel my life being threatened by illness i lose my mind,fear,2
i realized what i am passionate about helping women feel accepted and appreciated,love,4
i feel nostalgic a lot more than i felt after passing out of the school,love,4
i began training in january or at least mentally preparing myself to train and can remember specifically feeling apprehensive about the running a spring marathon,fear,2
im simply feeling just a little unhappy about the whole skinnyg and even the charming customer provider hasnt made that go away,sadness,1
i just try not to talk to anyone when i feel irritable like that,anger,3
i didnt feel brave or confident coming out of the mass,joy,0
i feel like this never get impatient around sharp objects as it will inevitably lead to tears,anger,3
i feel really honored and excited to have met her,joy,0
i only feel irritated by it,anger,3
i decide to look for professional help and when i find a ceramics repairment atelier that describe themselves as artisans of patrimony specialized in primitive arts and antiquities i feel relief that my damaged fish shape ashtray will finally be in safe hands,sadness,1
i feel like such a lame person but sigh i just don t know what to do i m so damn shy,sadness,1
i set up a consultation with a therapist last week and i went to see him today i spoke to him about my general feelings towards things and in the end he reassured me that i did not have atlephobia but instead i had social anxiety which is apparently really common,joy,0
i alive i feel so defeated with this issue,sadness,1
i left with a great feeling of encouragement and rich for having walked alongside africans,joy,0
i was really upset when he went away though i can understand how he must feel and i wont be greedy and pester him about it,anger,3
i personally feel that god is gentle and kind but i dont think he wants me to enter into a friendship with me,love,4
i am feeling stressed and more than a bit anxious,sadness,1
i feel like we owe it to each other to be intelligent about our sexual decisions,joy,0
i feel completely blessed to have such wonderful family and friends,joy,0
i feel when juggling all of the fine details that go into a professional writing career,joy,0
i feel really lucky that i m making a living doing this and i think it s important to pass the word about tap dance,joy,0
i just got this overall feel from him that he was an elitist and somewhat jaded,sadness,1
i feel resentful toward my wife when weeks go by without sex,anger,3
im feeling and i say useless and he says that fucker messed with your head,sadness,1
i have that feeling but idol anime is pretty popular so it could be anything,joy,0
i didnt feel terrified,fear,2
i believe is based on greed has nothing to do with how i feel about my beloved country,love,4
i feel troubled deciding whether to go to this hot pot thing at pm or not,sadness,1
i am and feeling total love and acceptance for my body in the moment is just as important as experiencing the exhilaration of a new experience,joy,0
i need these crutches but i feel like i cant help it i resigned myself to a position of being miserable so long ago that its taking me baby steps to realize i dont have to be,sadness,1
i feel accepted there said panorma who is from indonesia,love,4
im feeling craving theres always a tender morsel of a song ready to appease my appetite,love,4
i guess you could say i am teeter totering right now on the edge and i feel like im dangerous,anger,3
i know your feeling because i have it and i am glad you have it,joy,0
i glimpse at his clarity when he takes the reigns i can feel the calm,joy,0
i feel really naughty and wicked today,love,4
i was wide awake and miserable at am still feeling like crap when i got a very pleasant surprise,joy,0
i was feeling for the horses cooped up and determined if we got even a little stretch of weather i was going to see that each and every horse got a chance to get outside,joy,0
i feel pleasantly mellow regardless,joy,0
i feel really tranquil where i am right now,joy,0
i hate ever putting anyone in awkward situations and ever causing anyone to feel unwelcome such thoughts strain my heart so,sadness,1
im not really a fan of seafood and all that so i feel quite sorry when people kill live clams and prawns and shark fins,sadness,1
im not making some sort of music i feel useless,sadness,1
i feel the energetics of the cinnamon tree is supportive for you as you on this journey of self awareness,love,4
i take it easy even when i feel well kind of what stasia has been saying,joy,0
i realized this weekend that i am feeling somewhat apprehensive about this surgery,fear,2
i feel pretty fantastic,joy,0
i alsways feel so carefree,joy,0
i still feel like i got hit by a car i walked away only shaken up and not seriously damaged,fear,2
i feel this helps create rich texture and a touch of mystery to an outfit,joy,0
i feel resigned to what i have brought myself to and docile,sadness,1
i feel caring concern for ron and especially for his wife who i feel very close connections with,love,4
i have been feeling restless lately,fear,2
i can keep another writer from spending four years to get to the point of feeling like they can publish their work and be accepted by readers i will have truly accomplished that goal,joy,0
im feeling more stressed,sadness,1
i came back and for some reason my mind feels blank,sadness,1
i feel any team pretty dangerous in playoffs york left wing ruslan fedotenko notes said,anger,3
i am feeling adventurous then ill definitely go visit some of the bayou swamp areas and enjoy the beautiful cypress trees and wildlife,joy,0
i am not an advocate for war but i feel reassured living close to a military base where there are people trained to assist in natural disasters,joy,0
i just feel like supporting them,joy,0
i realized grudgingly that a feeling of discontent had begun to rise in me,sadness,1
i can control is me and if people feel that i wronged them i will try my best to fix it but some people you cant make happy,anger,3
i combine the flat tire the head wound and a headless bird im feeling a little paranoid,fear,2
i find myself feeling shamefully skeptical of the wisdom of popular gurus especially when it comes to persuasively explaining seriously complex phenomena even when its offered to standing ovations coming from cheering audiences,fear,2
i managed to put a stop to all the things i had been doing that left me feeling regretful and miserable everyday,sadness,1
i did behave the same way when she was going through all this maybe i was the same or acted the same i don t think i did but i guess it is a matter of perception but when it happens to you you feel devastated,sadness,1
i have the feeling in my mind that a person gets when they have resolved something and they can be at ease,joy,0
i think the ideal preparation for birth for anybody not just me puts you in a place where you feel confident in your knowledge in your caregivers in your support system and in your body,joy,0
i feel that i have got my looks and sweet nature from my mom,love,4
i am so trying to understand why my feelings should be ignored,sadness,1
i feel like a strange antisocial creature difficult for the cooperation,surprise,5
i feel super glued to my bed,joy,0
i just have to close my eyes and feel that sweet gentle ache and i know,joy,0
i suddenly feel like some kind of innocent virgin,joy,0
i didnt feel if i was having a shitty day i wouldnt usually come right out and say i was having a shitty day,sadness,1
i feel rejected like my peers dont really understand me and as a result arguments ensue,sadness,1
i consistently ask myself especially when i am feeling low or having doubts about my future,sadness,1
i didnt get anything bad just a lot of thanks and stuff that made me feel good about doing what i was doing,joy,0
i noticed in myself that there are times when i m tired of drama tired of feeling either physically mentally emotionally or spiritually exhausted and just hope to feel my normal self again,sadness,1
i feel like i have less time for stuff since i got super depressed and never wanna do much,joy,0
i cant believe this is the feeling i was so afraid of not disdain or hatred instead its just actual nothingness laced with a small dash of repulsion,fear,2
i am feeling deeply offended big hurt feelings in fact,anger,3
i am tired of feeling sorry for myself so i decided to just be thankful and praise the lord as we rode,sadness,1
i feel the divine envelope me when i watch literally hundreds of faithful at mass in line for eucharist hundreds of people who include professors homeless bankers students rich poor mentally ill healthy conservatives liberals gay straight sweet rude arrogant kind,joy,0
i wake up hobble over to the computer or turn over and grab the phone from the night stand and start checking emails blogs facebook random internet clicking writing a few posts and before i know it its nearly noon and i feel no more productive than i did three hours earlier,joy,0
i most want to do better think harder feel more and be more tender,love,4
i would rather take my chances on keeping my heart and getting it broken again and again then to stop feeling to stop caring to be bitter cross cynical,love,4
i returned to the ground floor feeling dazed,surprise,5
i probably would have bailed at the half way mark when i was feeling quite low physically and mentally,sadness,1
i still feel sleep deprived she is almost sleeping through the night giving us,sadness,1
i feel like i should go for a run to expend all this idiotic energy but iv decided to do some homework now instead and store the energy for a social event im going to this evening,sadness,1
i feel slightly emotional watching it,sadness,1
i feel like i was a rude ass hole at hookah,anger,3
i volunteer at bard and always feel respected,joy,0
i have realized that by ignoring it i am no better and it is heartbreaking to feel so helpless against it,sadness,1
i cant sleep and re read happy posts and i go past the one about picnic day and i get so happy im like james you make me so happy i love you and then repeat as soon as i feel jealous,anger,3
i feel like i havent been taking enough risks and im not respected by my teacher because of it,joy,0
im starting to dislike the feeling of not caring about whats going to happen tomorrow,love,4
i hate it i am feeling bothered by my boob size,anger,3
i learned in the foundry of my own childhood that humor made a perfect shield for keeping people at bay for helping me conceal my true feelings for lending the appearance of truth to all the lies i would tell about how happy i was and for providing me with the wherewithal to get through each day,joy,0
ive definitely had that underwater feeling lately so i was relieved to take part in a lenten service at church today one designed to clear the head of transitory concerns,joy,0
i feel very pretty and i have a really cute outfit on with some pretty costume jewelry,joy,0
i can t fly paulo coelho do you feel useful,joy,0
i reply i do my best to reply to questions but feel free to contact me via twitter isobelmeg xx,joy,0
i feel so privileged to share that love with five lovely students,joy,0
i always put up a strong front care for others looking into peoples welfare before my own but in the end i feel really shitty,sadness,1
i had hoped to not feel the weakness to not be bothered by every song every joke i hear,anger,3
im feeling so angry because that was just wasted work from her side,anger,3
i feel im a fairly generous person but i dont sell or give away the trudgers i make except as gifts to close friends and relatives,love,4
i feel like everything about me is defective and wrong and needs to be changed but when i change it the new thing is wrong too because its mine and therefore it must be wrong,sadness,1
i want to do it the right way oh orihime whispered back feeling reassured in his sincerity,joy,0
i was ready to go if need be and fortunately tim was feeling ok and feeling well enough to go,joy,0
i am so relieved and excited and i feel confident again,joy,0
i have of myself right now is that i feel pretty much like myself,joy,0
i left feeling thoroughly invigorated and ready to face a new year of craft challenges so big kudos to the wonderful organizers at hello craft for a truly awesome summit,joy,0
i have noticed that if i go with out i start to feel irritated at him or easily annoyed by the things he does i feel this tiny ache inside of me almost unnoticeable the first few days as if a tiny hair had burrowed its way into my foot,anger,3
i want to give the feeling of being valued,joy,0
i had kind of been feeling lethargic and out of it all day,sadness,1
i feel that the media cannot be resolved effectively,joy,0
i had envisioned and intended im just feeling unsure whether i got that vision and intention right,fear,2
i hoped it would i would feel disappointed and depleted,sadness,1
im old enough that graduation and yk feels like just yesterday i find myself a bit stunned by this,surprise,5
i feel like until my brother is completely fine i wont be able to move on with a job or anything,joy,0
i asked feeling hesitant,fear,2
i always tell people my brd armor sucks since i totally feel it does so i was amazed to see some of the crap some brds wear,surprise,5
i have so much to be thankful for so to feel jealous of a skinny girl with a seemingly disposable income who is shopping at the mall seems so,anger,3
i like the feeling of making some difference this time i was really reluctant to change at first however get used to it after a while,fear,2
i had envisioned and intended im just feeling unsure whether i got that vision and intention right,fear,2
i feel listless most of the time nowadays,sadness,1
i feel invigorated and enlivened and a bit more fully completely myself,joy,0
i need to feel rich,joy,0
i feel like i missed out on a lot of important information that would have helped me understand his art better,sadness,1
i am feeling quite curious and concerned,surprise,5
i went to sleep feeling assured that i would know what to do if i ever needed it,joy,0
i was wide awake and miserable at am still feeling like crap when i got a very pleasant surprise,joy,0
im so excited but at the same time i feel a little nervous,fear,2
i think i like how it feels more lively in the dorama,joy,0
i feel that he s really shy with his feelings because as he talked about how he felt what happened during the trip he was really nervous and i appreciate the effort to say all of that by the way,fear,2
i seriously feel like im becoming more and more boring everyday,sadness,1
im feeling alot less grouchy and lonely today,anger,3
i feeling so low now,sadness,1
i just feel this strong desire to know more about my name sake the ensigns,joy,0
i can only have a rest when i feel that i have fully resolved a problem then i can turn my attention towards something else,joy,0
i feel ungrateful and petty if i try and talk to people about it,sadness,1
i feel special joy in your elevation to this post,joy,0
i did not feel any emotion or was deeply saddened or stunned for that matter,surprise,5
i feel rude about going to the bathroom when she s in there,anger,3
i can feel myself agitated now so im going to have to leave work in a sec,anger,3
i feel so peaceful to be around and myself,joy,0
im not feeling very loyal toward them,love,4
i feel so alone i feel like theres very few people who will actually listen to me,sadness,1
i wouldn t feel submissive which has it s place but not in the work environment,sadness,1
i never feel like i have it perfect sometimes i lean a little too heavy on the work which means more chaos at home and sometimes i lean a little too heavy on the home which means i get a little lonely and cranky,joy,0
i must have been unable to contain my expression as she immediately offered a string of reasons why she only had words ranging from inadequate computer to no computer to difficulty in using said computer s to feeling inhibited in writing too much on a computer for fear of losing it and so on,sadness,1
i am left to feel helpless to do anything,fear,2
i feel honored she is a legend i admire her although i dont see the similarities between us,joy,0
i feel it s acceptable for me to put forth little effort in today s post,joy,0
i feel very strongly passionate about when some jerk off decides to poke and make fun of us,joy,0
i am feeling disheartened with my words as of late,sadness,1
i feel i am losing steam but friends help the time pass in the most pleasant of ways,joy,0
i headed back to my office feeling satisfied maybe even a bit self righteous about how id consoled a friend,joy,0
im hoping to find peace with myself and in the world while still feeling the poetry of the tragic,sadness,1
i feel like my life is practically perfect in every way right now and i am every so happy,joy,0
im feeling a little beaten down this week and im not sure why,sadness,1
i was feeling even less splendid and had nothing that needed to be done all day so i decided to baby myself,joy,0
i could give it away but im feeling greedy at the moment,anger,3
i started today feeling not terrible,sadness,1
i know if ive been feeling quite nostalgic these days and have spent a huge amount of time looking back and remembering,love,4
i have a feeling i shall go mad,anger,3
ive listened enough to all you people and i just go back to my old ways by taking your advice then in the end i just feel discontent with myself because i cant change my ways that i give up before its over,sadness,1
i had to change after several months due to the fact that i didnt feel my daughter was being helped or my daughter convinced me how rotten the therapists were,joy,0
ive had that vomity shocked feeling from jealousy before and its not something you want to keep feeling and its definitely something you want to get resolved as soon as possible,joy,0
i ran despite feeling rotten and i m glad i did as well as i did but i really want to do better,sadness,1
i feel hopeless and i realize i have met none of those goals,sadness,1
i feel lucky that there is this wonderful cheap cozy cafe in my neighborhood that serves this incredible mexican hot chocolate,joy,0
i get to tell her that i love her to make her feel valued and appreciated to tell her how beautiful and intelligent she is i do,joy,0
im feeling quite pathetic and miserable actually,sadness,1
i feel very lonely but thats alright nothing a little tv or music cant fix,sadness,1
i feel pleased but at the same time i really don t understand why do we feel this patriotism only twice every year,joy,0
i would gladly make it on the morrow since i am not feeling well,joy,0
i did alright in class but a combination of feeling unsuccessful being man handled the stress of late and my horrible week resulted in my almost crying after i finished grappling,sadness,1
i forgot to take my meds this morning and i am predictably feeling irritable but less predictably i have been sitting here all day thinking ima kill a bitch if i dont get my hands on a chocolate cupcake,anger,3
i feel totally rejected,sadness,1
i feeling boring,sadness,1
i feel like i liked my hair much better before i was using a sulfate free brand and i believe i am using a reputable brand,love,4
i feel that something wonderful is going to happen,joy,0
i feel like there is too much suffering for those of us in christ jesus,sadness,1
i feel so disturbed i have been having difficulties sleeping,sadness,1
i feel bitter and just honkerblonked off in general,anger,3
i feel doubly honoured because both river of a href http river driftingthroughlife,joy,0
i feel i was wronged,anger,3
i feel utterly depend on my sweet jesus to carry me through the next day hour mile conversation minute,joy,0
i feel resentful about my education rel bookmark why i feel resentful about my education a class entry author href http liveagainsttheflow,anger,3
i do give up at times when i feel there s no point in a friendship when one cant be bothered,anger,3
i feel sad today like legitimately bummed out,sadness,1
i get the feeling that if the tabloids either ignored her or somehow painted her as a hero or comedic genius shed be totally happy even if the women in the house were upset,sadness,1
i woke up feeling confident and watched the bodypump dvd to gather some coaching tips and compulsory cues,joy,0
i feel satisfied when i am able to translate a funny idea in my brain,joy,0
i think it makes me feel like the heir to an incredibly rich and diverse legacy of stories and experiences,joy,0
i start to feel ugly unloved poor and unhappy,sadness,1
i also feel a longing for my country and as i remember my childhood around the gunong ledang mountain i have started a series called puteri gunong ledang evoking all the legends and memories of jungle fairies that still live in my mind,love,4
i feel a sense of relief and also sadness because im ending and my colleagues most anyway have been oh so fab,joy,0
i have a feeling that my plant may have been temperature shocked,surprise,5
i wish that i didnt feel the way i do i wear my heart on my sleeve you have to believe the things i say arent in vain believe me theyre true,sadness,1
i feel a little jaded after the banking crisis but i will vote labour and hope for the best,sadness,1
i quite like to do it standing on public transport or busy places when you often feel your space being invaded which can make you feel stressed,sadness,1
i only tried for three and i can still feel the longing that came with wanting a child,love,4
ive been experimenting with lemony cakes and after several tests i feel i must share with you the recipe for this lemon and vanilla buttermilk cake because it is utterly delicious,joy,0
i want to at least feel more intelligent and i believe becoming a well read person myself will help,joy,0
i feel a sweet sense of optimism touched with anxiety about the coming days,joy,0
i always put up a strong front care for others looking into peoples welfare before my own but in the end i feel really shitty,sadness,1
i let myself fall asleep earlier this afternoon and i m feeling extremely shitty,sadness,1
i feel unimportant but even if i am in some way its still not my place to be making any decisions or voicing my opinions and its certainly not my place to be sharing my feelings,sadness,1
i feel too selfish to talk about you to anyone else thyroid for i do not want them to think i am just dramatic and whiny when really it is just hard for them to understand that yes someone can look fine and still feel terrible,anger,3
i feel like something tragic is going to have to happen for people to wake up and see how vulturous sic and poisonous it s all gotten,sadness,1
i just wanted to apologize to you because i feel like a heartless bitch,anger,3
i mean genuinely appreciate and show him how happy it made you when he did x and that it made you feel y he will want to keep doing things to make you happy,joy,0
i feel like i should go to the supermarket and buy something totally delicious for dinner with the money my mother put in my account today,joy,0
i feel i m very lucky to have her as my mom,joy,0
i want to do is sleep and i feel so bad for the boy,sadness,1
im feeling shy im feeling mad im feeling sad,fear,2
i folk if im feeling sociable,joy,0
i must admit no matter how early i start playing christmas music and doing my holiday shopping the tree makes everything feel so much more holly and jolly,joy,0
i feel hopeless to cure their disorders i can remember that i am working with human beings with feelings and fears just like me,sadness,1
i also feel so awful feeling this way,sadness,1
i could say that will make anyone feel better than actually reaching their goal themselves,joy,0
i am heavy and i feel dull all over i think i ve stopped breathing,sadness,1
im not sure how i feel im shocked honestly,surprise,5
i feel pretty pathetic right now,sadness,1
im sure you could tell we werent feeling too adventurous with the antipasti but i found the mozzarella with the proscuito pretty good,joy,0
i woke up four miles away hungry as hell but somehow feeling oddly satisfied,joy,0
i died would alex and matt feel regretful for not coming to visit,sadness,1
i have finished reading i am feeling so insecure,fear,2
i was feeling a little awkward about seeing some folks,sadness,1
i realise that desiring a substance to feed a feeling only compounds the desire to feed the feeling i realise ive abused substances since early childhood,sadness,1
i get the feeling that people have died it s bothered me so much that in the past i ve cried my hair must look perfect whatever the weather all of this anxiety brings me to the end of my tether,anger,3
i mentioned in that post the colors are very pretty but they feel very uncomfortable on the eyes,fear,2
i could feel her loving gaze on me as i made my way down between her legs,love,4
i feel a little suspicious,fear,2
i feel like i love all romantic comedies that sort of have a mixed tone so some of woody allen s work obviously and jim brooks and some of the earl billy wilder films like the apartment,love,4
i am feeling jaded,sadness,1
i feel like a heartless and feelingless i know don t have this word daughter teenager,anger,3
i bought some eggs and because i was feeling adventurous i also got a whole chicken and an oxtail,joy,0
i remember laying in the bath feeling really emotional knowing that i was going to bring my baby into the world on the day that miss cook was laid to rest,sadness,1
i was sitting in class on tuesday afternoon and all of a sudden that same feeling came over me a delicious feeling of being slightly out of control and out of my depth a thrill of adrenaline that left me weak and drained yet excited and inquisitive all at once,joy,0
im not feeling very loyal toward them,love,4
i feel like i could have gotten all apprehensive for no reason at all,fear,2
i listen to this song i can feel a sorrowful atmosphere,sadness,1
im being a teenager people and if you feel the need to make sarcastic bitchy comments you can kindly fuck off,anger,3
i even feel her hair looks superior here,joy,0
i bought some three books after feeling disillusioned with the one id brought with me to glasgow,sadness,1
i can feel the gap it feels like rich people status and poor people status,joy,0
i am feeling exceptionally reluctant to go to school tomorrow even though its monday and the timetable is pretty good,fear,2
i am feeling rushed or overwhelmed to have the perfect house that my brain explodes and all proper decision making skills get lost in the debris,anger,3
i feel like this was a milestone race and i ve shaken the novice feeling off,fear,2
i don t feel any safe,joy,0
im feeling how char had blamed me of doing a few weeks ago,sadness,1
i can whine and pour my heart out without feeling awkward,sadness,1
i feel that language is nothing at all cheer up remain my faithful only darling my everything as i for you the rest is up to the gods what must be for us and what is in store for us,love,4
i feel like its flying by and im afraid im going to miss something,fear,2
i feel irritated a lot,anger,3
i feel that i have to justify this behavior to you my faithful blog reader,joy,0
i feel so horrendously ugly these days,sadness,1
im feeling fine just a bit nauseous and extremely tired but to be expected in the first trimester,joy,0
i had stated to her the reason i feel so fearful is because i feel unsafe,fear,2
i was doing some reading during a rather unpleasant plane ride the other day and didnt feel like reading unpleasant things so i skipped the uruk hai entirely and for the full reading experience should come back to it at some point,sadness,1
i cant get wrapped up in that kind of crap tv because my brain starts getting mushy and i feel feverishly hostile,anger,3
i normally associate with a tough workout moving from side to side in bed has become more of an effort my sleep is pretty interrupted and uncomfortable in general although much better with the aid of a benadryl and there are times when i feel like i could never be energetic again,joy,0
i am now drunk again and feel fab,joy,0
i feel melancholy always the period plus just dont feel like myself,sadness,1
i came into this quarter feeling really invigorated and now because of work im back to where i was at the end of spring quarter not sleeping not eating well not taking care of myself not doing good work,joy,0
i feel honored she is a legend i admire her although i dont see the similarities between us,joy,0
i was abruptly reminded of why i was feeling so agitated in la,fear,2
i would like a lazy immersed in my boring feeling i like the friends have a pleasant talk together and boring,joy,0
i feel more confident and have to think less about what i say on the days i avoid english and read french grammar in the morning,joy,0
i feel deeply humiliated when i read in ari ben menashe s book entitled profits of war mousavi s friend manuchehr ghorbani is was a cia agent,sadness,1
i bring you opis im feeling sashy a gorgeous cool toned grey purple lavander creme,joy,0
i feel impatient to do a final post after four more weeks with tangible results so far its exciting to see how far the philips reaura can go in terms of firming and smoothing,anger,3
i feel overwhelmed stressed and pressured inside something magical happens when i take off my shoes and go for a walk in the park or on the beach,fear,2
i travel i feel like men expect me to be neurotic superficial and easy only sometimes true,fear,2
i would certainly feel what im suppose to be feeling which is brave,joy,0
i feel tender just now and i am fine with that,love,4
i feel like it skews the kids idea of what is cute and adorable and just encourages annoying behaviors,joy,0
i did laps and now feel all virtuous,joy,0
i generally don t eat a lot of junk it is mostly stress eating but as i become more comfortable with the child care i am feeling less stressed and eating less junk,anger,3
i had friends being sad feeling rejected from the world i think i finally realize that friends arent what i thought they were,sadness,1
i have wonderful family who are constantly on the lookout for me make phone calls for me do pr for me but i feel helpless and folks i am a doer so i always feel like if i cant help myself then,sadness,1
i usually don t wear glasses at first i had uncomfortable feeling like irritated but lately i feel comfortable to have it,anger,3
i feel sure it could be developed into a thrilling piece of theatre,joy,0
i am attached to him and feel loving feelings toward him and miss him get homesick for him,love,4
i commented trying to keep my voice reasonably free from the feelings which gripped me i believe were beaten hendricks,sadness,1
im not being fair to xia by doing it this way if he feels frightened by the work i do it that his fault,fear,2
i feel more content with what i have achieved and i know if i don t write today there ll still be a tomorrow,joy,0
i feel i had benefited more from last year s creative futures but could this be in part that the information i had learnt last year i was already putting into practice and therefore this year s sessions were what i was already doing rather than inspiring me to start,joy,0
i feel lovely,love,4
i had to lose my best friends to be with the one who can make me feel forever contented with life and be eternally happy,joy,0
a friend of mine suggested that i become a film extra the idea seemed very funny to me and my reaction seemed rather outlandish to the others,joy,0
ive always been a giver not a taker i feel selfish in considering this idea,anger,3
i am this evening having had a brilliant night fantastic run and feeling jolly darn good,joy,0
i feel totally listless exams have come and gone and now i have a whole five or so months in front of me with no uni and free time,sadness,1
i was feeling for the horses cooped up and determined if we got even a little stretch of weather i was going to see that each and every horse got a chance to get outside,joy,0
i feel slightly charmed and wishful,joy,0
i really feel regretful when hearing that shinae got married to another man oh it s really sad i really hope that alex and shinae can be a couple in real life they re perfect for each other,sadness,1
i love the idea of the white blouse under the jumper because i feel the jumper would be too boring without a collar and with the pink spiked necklace underneath the collar i think this would give the jumper a nice touch,sadness,1
ive been feelin cranky about my blog im feeling its still a bit childish for me already i dont know if its the blog itself the address or something else,anger,3
i feel strangely carefree and free from all burden and it feels absolutely wonderful,joy,0
i feel so blessed for my husband and my family supporting me on my mission of health and happiness and spreading it to my community and the world,joy,0
i began to feel if i keep on supporting this system i became a part of the blood sucking everything for profit machinery,joy,0
i guess being the good friend that he is he can not and will not allow me to go on with life feeling so distressed and confused,fear,2
i had a feeling he wouldn t be friendly about it,joy,0
i feel a little weepy over the fact that my baby is no longer a baby,sadness,1
i am thankful that i feel well emotionally,joy,0
i am glad to know the reason for my recent lapse of sanity but i still feel like i want to go on a very violent rampage at the slightest inconvenience to me,anger,3
i feel like thats so vital to make your room a reflection of who you are because you will need to feel at home while away from home,joy,0
im feeling good now,joy,0
i could look for solutions instead of just feeling helpless actually made a big difference,fear,2
ill be happy to take his money when ever he is feeling generous enough to part with it,love,4
ive been feeling so listless lately,sadness,1
id love to know in the comments i feel like its a funny thing but i always love reading about how people schedule their days,surprise,5
im feeling nervous about it,fear,2
i still feel guilty for being a christian with depression,sadness,1
i am feeling really weepy today i am sure i will feel better tomorrow xxx,sadness,1
i could barely leave the house and i was feeling a lot of isolation and i hated the lack of control i had over my own life because everyone else i knew was moving on with theirs,anger,3
i wish that i didnt feel the way i do i wear my heart on my sleeve you have to believe the things i say arent in vain believe me theyre true,sadness,1
i am feeling happy thank you,joy,0
i did not want to feel discouraged looking at a gain,sadness,1
i feel a bit more confident about my kicking in karate and my diagonal cuts in kendo though much work remains,joy,0
i feel very distressed because i m supportive of this campaign and with the senator,fear,2
i feel myself slowly not caring about living up to other peoples standards when it comes to aesthetics and how i present myself,love,4
i commented trying to keep my voice reasonably free from the feelings which gripped me i believe were beaten hendricks,sadness,1
i dont recall just now yet vividly recall looking at you as you said it and you i think looking back at me and my feeling very sympathetic or maybe empathetic is the better word of course you needed a space,love,4
i still feel a little shitty right now as i type this,sadness,1
i was feeling doubtful and sad about the relationship i have with this man,fear,2
im tired but i feel fabulous and i am so freaking proud of myself at this moment for continuing to push myself to train and to get so far out of my comfort zone,joy,0
i travel i feel like men expect me to be neurotic superficial and easy only sometimes true,fear,2
i did not picture myself feeling shy in this class when i signed up for it,fear,2
i buy a glamorous dress i might feel like a glamorous person dittmar explained,joy,0
i am reliving all of the feelings of being rejected less than and not good enough from years ago,sadness,1
i feel a bit annoyed and antsy in a good way,anger,3
i cant help but feel hopeful and optimistic about a brighter future,joy,0
i feel as though i am living on an island as i put the delicious moisturiser on a sample which is lasting a very very long time used twice a day and the rest of the products are so gentle yet cleansing and moisturising,joy,0
i said im only pages and this book feels so tortured and you can really feel the pain of the characters,fear,2
i feel like a doll which has been abused,sadness,1
i have not done any hill training but am not feeling apprehensive about it at all,fear,2
i can t fly paulo coelho do you feel useful,joy,0
i would feel strange describing it but if anyone is interested let me know and i will add it,fear,2
ive been having trouble sleeping my anxiety is causing my social life to suffer i lack the motivation that used to drive me work is quickly becoming a chore where i was once satisfied and i feel dull and uninteresting,sadness,1
i just go into these modes where i want to write then feel disgusted and do not what to write at all,anger,3
i keep feeling that sometimes one just has to fake it till they make it,sadness,1
i feel liked i talked about mass effect to death in these posts but i m going to have to again i m afraid,love,4
i smiled to myself musing probably feeling superior just as i felt somehow superior to all these fresh scrubbed college folks off to slum among the huddled masses,joy,0
i had a feeling it might be perfect for a take off on the tutorial,joy,0
i feel drained and depressed by it all,sadness,1
i feel so cranky irrationally,anger,3
i feel relaxed and comfortable,joy,0
i wonder how it feels to have angered and disappointed millions of people in one morning,anger,3
i feel so invigorated by the sunshine,joy,0
i am writing feeling appalled,anger,3
i laced my shoes and pounded out those feelings on the hot black pavement before me,love,4
i recommend using them when feeling emotionally drained,sadness,1
i was feeling very depressed everyday in the midst of having my dream life,sadness,1
i could better understand and feel the desires of his most sweet heart,love,4
i begin to feel burdened by things amp long to be empty again,sadness,1
i feel so uncertain all i did was crying over the phone saying i cant finish the reading,fear,2
i have been highly critical of dennis covingtons book in this article i must admit that he did say something that has merit in this discussion when he noted in his closing chapters this feeling after god is a dangerous business,anger,3
i still didnt start feeling contractions but it was a tender mercy for me because she would have come on the st no matter what,love,4
i still think that shes being insensitive with my feelings but i am just glad that im not on her shoes,joy,0
i feel very apprehensive to adopt labels and to even identify myself as queer it seems that im still quite unclear on that subject and it keeps me feeling separate from the queer community like joel,fear,2
i feel nervous about going back to america not knowing what to expect the transition to be like,fear,2
i feel ive answered those questions for her and shes pretty trusting for the most part,joy,0
i have a feeling that most of you have yet to hear about this tragic incident in our world history,sadness,1
im wanting you to look at me that it makes people feel ok to ask questions,joy,0
i feel some weird plantar fascitis y thing,fear,2
i have had things happen and allowed things to happen to me that have made me feel ugly disgusting and unworthy of being loved or even feeling like i matter in this world,sadness,1
im sure the bundle guys are feeling pretty generous this time of year,love,4
i liked my keyboard being kicked in my teeth and feeling lousy about myself as a writer but because i want to know how i can improve and wonder what i did wrong to earn only one star,sadness,1
i dont really have any details to share but i feel like blogging and letting all of you know that i am ecstatic,joy,0
i am so incredibly thankful for the temple and for the blessings the promises and especially the feeling that comes over me when i am either inside this amazing building or simply when i drive by,joy,0
i feel troubled deciding whether to go to this hot pot thing at pm or not,sadness,1
im not enjoying winter hate feeling cold and having to dress in so many layers,anger,3
i feel glamorous rich enough for enriching my perfume collection even more haha,joy,0
i will say that i am satisfied with my draw and feel that it is a perfect fit,joy,0
i feel selfish for that choice i made i just beg that you dont let your love for me go away,anger,3
im then left feeling quite embarrassed as i say that nothings new,sadness,1
i understand because of what but even towards the end when she starts going outside again i feel like she ll never be truly happy again,joy,0
im gonna end up pressuring myself and feeling really disappointed when i get to doing the actual thing and its on tuesday and i really should study but i cant jhbdjhdfbjdfhbfd or maybe when i get off this comp ill go start typing stuff up,sadness,1
i chose to live my life as a normal person who has feelings wants and desires i have talked up for myself been faithful to myself and i have been determined to be treated with dignity and respect,love,4
i refuse to feel guilty,sadness,1
ive finished it i feel foolish for having put any expectations on the story when i began reading it,sadness,1
i miss the way he made me feel im at a point now where ive accepted that he betrayed me and i can never go back to him,joy,0
im not mistaken all the thai business leaders at the dinner feel ashamed about the setbacks that have held thailand back from its full potential,sadness,1
i am bothered is that he might changed his feelings once he get back in us and leave me heartbroken,sadness,1
i feel a little calmer im more irritable and impatient than before,anger,3
im feeling rather disheartened,sadness,1
i leave sundays feeling utterly drained with not an ounce of anything left to give,sadness,1
i settle in other ways based on feeling worthless,sadness,1
i want to feel like a nurtured respected protected equal,joy,0
i feel like supporting a yorkshire team you never know they could be the surprise packet of the round ha ha ha,joy,0
im feeling somewhat indecisive about what to do in terms of an alliance,fear,2
i can cry and feel bad without an explanation at all,sadness,1
i like your t shirt can achieve that and instill a sense of making the customer feel valued as a person but such comments should be sincere,joy,0
i was having a cig and feeling like ok ill just write my colomn about how conservatish men are tha best bfs and tha best lovers,joy,0
im well chuffed made me feel fab straight away,joy,0
i feel like shirley maclaine in that weepy chick flick where julia roberts is in such pain and her mother shirley demands drugs for her,sadness,1
i was feeling really horny all afternoon with no one to fulfill ma sexual desire and only had my bed and creative thoughts to help me out and not forgetting my handss which aahhh work like magic,love,4
i feels acceptable even desirable,joy,0
i feel defective or something,sadness,1
i know that sounds really recycled and generic but its actually how i feel i love to sing and would more than love to make a living doing that but im going to school because i know that its not in the cards for all the talented people in the world to make it in the music business,joy,0
i have really come up against some intense struggles since moving in here and i have to say i am very proud at the way we are giving each other the respect to feel however we need to feel mad stressed whatever and yet we still pull together to fix the issue,anger,3
i don t know but it seems important to them that i feel unwelcome,sadness,1
i remember feeling so helpless i had been a mother for no less than hours and i had already failed my daughter,sadness,1
im feeling overwhelmed,surprise,5
i feel like i am so pathetic selfish and unbelievably lazy i want to find a new job as the old one is just annoying me so much i can not describe that,sadness,1
i still have feelings after we broke up,sadness,1
im not feeling like that to be truthful,joy,0
i plan to run miles in the morning which is a distance that generally leaves my bunion feeling extremely tender and painful,love,4
i feel so fake,sadness,1
i discussed previously in my last blog post how apprehensive audiences have become towards bathrooms they automatically feel nervous which has become a fantastic trope for horror fiction,fear,2
i instantly feel rejected,sadness,1
i feel like ive had to fake my feelings a lot more often then i would have liked to,sadness,1
i feel a little abused about this whole situation,sadness,1
im feeling sad so i can remind myself of how i am talented and good at things and also see things that inspire me all in once place,sadness,1
im feeling somewhat sleep deprived and dreading my alarm going off tomorrow morning,sadness,1
i feel is a lousy diagnostician,sadness,1
i just feel really irritable and everything drives me insane,anger,3
i know theres a saying tell someone how you feel because things can change in the blink of an eye or something along those lines but although thats sweet and all and while its easy to say things like that its really not easy to say it to that person,love,4
im feeling pretty proud most of the elements in the room somehow worked their way onto my body,joy,0
i also love this one but will be able to send it to a good home without feeling like i m giving away a vital organ,joy,0
i realized that it s those goddamn fat ass greedy son of a bitches that made me feel so humiliated so alone and so ugly,sadness,1
i feel weepy a lot,sadness,1
i wish i had the week off too i feel like a mellow week of tidying and cleaning watching old movies and daytime tv with them,joy,0
i still feel groggy and my stomach is still cramping and im still bleeding from the biopsies i feel like ive been given an opportunity,sadness,1
i feel like i am doomed for the rest of my life,sadness,1
i wonder if they will even think back to the times that i have begged them to just be there for me or just be on my side or just offer me any kind of suppport or the feeling of them caring at all,love,4
i feel fearful and then actually do that one thing it usually turns out to be a good thing,fear,2
i a bad person for feeling burdened by our relationship,sadness,1
i did not feel like an intruder or at least as an unwelcome one,sadness,1
im certainly not going to sit and tell you whats going on in my personal life but i feel that if you were ever curious about whats going in my life all youd have to do is watch the show,surprise,5
i imagine ill eventually migrate to the middle but even alone that feels greedy to me,anger,3
i hope something magical happens today because im feeling kind of listless,sadness,1
i sort of suspected i was going to feel resentful and not really show my best side,anger,3
i get that feeling of confidence is far more pleasant than some of the alternatives and i certainly am not against someone increasing their confidence but why do you have to feel that first before you take action,joy,0
i guess fiction powers along on good emotions versus bad emotions there wouldnt be much excitement if all the feelings between the characters were sweet and harmonious,love,4
i have the same feelings toward the word passionate,love,4
i tells him not to feel troubled over her,sadness,1
i think i deserve for once this freedom makes me feel amazing,surprise,5
i was feeling benevolent and understanding because i said nothing,joy,0
im feeling kind of unwelcome,sadness,1
i feel my bones silently aching from the knuckles spreading to my uneven nails in oscillating patterns,sadness,1
i feel empty when i dont have something to care for,sadness,1
i feel irritable as well,anger,3
i already have my christmas trees up i got two and am feeling festive which i m sure is spurring me to get started on this book,joy,0
i remembered that i gave my day to the holy spirit and filled with his grace how could i feel disturbed with this situation,sadness,1
i want to be extremely amp feel successful again,joy,0
i feel so foolish and ashamed,sadness,1
i feel very proud of my girls accomplishments this morning,joy,0
i ever start to feel successful at all things life again,joy,0
i am so festive this feels so delicious wheeeeee what a great night,joy,0
im feeling a little less disheartened about it,sadness,1
i continued on my way despite feeling a bit strange with my flexy new shoes and sweat soaked back,fear,2
having received an offer to do postgraduate work,joy,0
i really loved the day which made me feel such gratitude that we were having such a wonderful day which made me feel very happy,joy,0
i feel lucky that there is this wonderful cheap cozy cafe in my neighborhood that serves this incredible mexican hot chocolate,joy,0
i really hope you like my card and feel inspired to make christmas cards and a href http papermakeupstamps,joy,0
i feel violent wanna kill someone anyone or kiss them,anger,3
i have a feeling she will sleep through the night more and be a little less agitated,fear,2
i feel pathetic i can t live like this anymore,sadness,1
i am feeling excited and also nervous worrying about all the little details and hoping that our first day goes well,joy,0
i want to love you but i feel like there some sort of hindrance thats keeping me from loving you,love,4
i feel as if i havent been very productive over the past six months,joy,0
i am exceedingly lucky and i don t work this hard because i feel some sense of frustrated obligation that is resented,anger,3
i feel about it has me shocked,surprise,5
i was intensely conscious of how much cash i had left in my gas and food envelope and i still have what i intended to save for next week which helps me not feel so stressed and scared,anger,3
i would feel more peaceful and easygoing,joy,0
i really hope im the only blogger they have treat this badly as i still feel super lousy about all and i wouldnt wish this crap on my worst enemy,joy,0
ive been feeling a little burdened lately wasnt sure why that was,sadness,1
i took a sip tonight and am feeling pleasantly mellow,joy,0
i feel like i have to preface this post w a disclaimer of some sort before i have an enraged peta after me or something equally as horrible,anger,3
i feel a bit overwhelmed in some areas so i may come off as whiney,surprise,5
i feel bothered at the fact that some of us have been given so many chances but i don t see the least bit of appreciation and utter gratefulness downright from their souls,anger,3
i feel a bit stressed because it feels like im supposed to do something all the time and that i should be reading now,anger,3
i feel like im getting there i have to admit i was stunned when i realized my list my entire laundry list of here to for impossible pie in the sky dreams,surprise,5
i am feeling extremely annoyed and restless,anger,3
i went bowling david and some other people but i didnt really feel like being sociable so i just called and texted lisa all night who was also texting chris at the same time shes known him all her life,joy,0
i feel paranoid when i wear makeup out,fear,2
i looked down at my sweet boy hudson i knew this was my calling and that his spirit needed me at all times even when im frustrated and feel helpless and lost as a mother,sadness,1
i was measuring a week big and that was enough to just make me feel lousy about myself,sadness,1
i know its not my fault but after failing to keep three babies alive in my womb how else should i feel two friends came by with a sweet gift and a sandwich for todd,love,4
i looked at uncle lin the chubby face feeling very charming never find ah because there is no scrutiny,joy,0
i feel so selfish so self indulgent,anger,3
i went to dads caught up with alice watched idol which was extremly crap and boring i dont know why i watch it but i feel like i need to be loyal to it,love,4
i just know i feel like i m on potentially shaky ground,fear,2
i wont feel deprived and can stick with this,sadness,1
i feel i might have been too gloomy about it,sadness,1
i am still working through the guilt of feeling selfish for self preservation without the justification that i must survive to bring up my babies,anger,3
i was feeling compassionate at that time though ive no tissue so i thought my form of compassion lol of asking around for it but i cant stand the look on her face ah,love,4
i like her a lot as a person but i cant help feeling less that what she is she has my dream jobs shes more sociable shes a combat trainer,joy,0
i feel fond toward though they may not realize it,love,4
ive been feeling restless in my career,fear,2
i can eat plenty of it and feel totally satisfied i dont need to understand how it all works,joy,0
i feel as if i could speak volumes and be ignored,sadness,1
im feeling cranky and horrible,anger,3
i did however feel somewhat disheartened at the end of tonight,sadness,1
i am also now down lbs so i feel so good i still have another to go at least well thats the plan anyway,joy,0
im feeling a bit melancholy for some reason so im not going to post further for now but hopefully this re discovery of my old thoughts and goals will help me to re align my focus a bit,sadness,1
ive been frustrated that i dont walk around floating on air seeing the good in every sidewalk pothole i trip into beating myself up over feeling unsure and scared,fear,2
i think that for as much as i could feel myself trying to hide it my face must have betrayed the fact that i was none too pleased about being woken at such ungodly hour in the afternoon,joy,0
im feeling stressed retail therapy is the way,anger,3
i will be thinking of each one of you i will be happy toast and feel my sincere huge magical group hug link rel stylesheet type text css href http jdelivery,joy,0
i ever going to feel cute again,joy,0
i am feeling valued and supported which is great,joy,0
i feel so cranky and disconnected,anger,3
i remember reading red seas under red skies and feeling a bit disappointed,sadness,1
i have succumbed to the dreaded commuter virus and feel altogether a little bit rotten,sadness,1
i wanted to really love this book social thought provoking personal histories are just my thing but i left feeling disappointed by this one,sadness,1
im shocked i feel my own little problems put into perspective and i feel heartache for the innocent lives that have been ended,joy,0
i feel the other person is unimportant but it is my interpretation see the trend that i have been misunderstood and that instead of wasting time hence the impatience part having them explain what i feel is already a misunderstanding i try to reexplain my intent,sadness,1
im feeling playful already,joy,0
i finally feel i have accepted nashville as home,love,4
i was feeling pretty well in mid october,joy,0
i always feel pressured to act normal with my eating around family at christmas so yeah ill need to lose weight to be comfortable eating dessert and stuff then,fear,2
i feel sooo bitchy that i made out with devin,anger,3
i hope to feel a bit more creative again soon and miss its presence in my life blog,joy,0
i had to work in one i would not feel quite so affectionate,love,4
i hope that you feeling fine well i wanna say happy birthday and that you realize your dreams and you always be happy because you are a perfect person and you deserves the best,joy,0
i was still feeling brave,joy,0
i didn t feel rushed to finish millions of things and i was able to focus on each task separately,anger,3
i have been busy pleasing people which i currently feel so regretful about today,sadness,1
i have to admit that i was beginning to feel pretty smug,joy,0
i got my eyebrows waxed the other day and i feel glamorous,joy,0
i put on make up for the first time in months because i needed to feel pretty,joy,0
i need to go and im feeling a longing inside at that point for him,love,4
i was feeling very resentful,anger,3
i feel so sympathetic embarrassed for betty here that it s tough to watch,love,4
i much regret that i allowed johann to accompany me from khartoum i feel convinced he can never rally from his present descara,joy,0
i feel more of a sense of longing than of loss,love,4
i am feeling a little more confident i haven t totally lost my mojo but time is running out,joy,0
i went to the doctor a few days into feeling weird,fear,2
i have decided that i will not let the feeling demotivate me and here i am with all my enthusiasm and this diwali special recipe,joy,0
i feel that the fabulous apple flavor gets kicked to the side for pumpkin,joy,0
i feel skeptical about the sustainability of that,fear,2
i believe just imagining what it would be like to act live in front of an audience will make me feel joyful,joy,0
i feel like they ve just kind of coasted but they ve gotten even more popular,joy,0
i spent a few days feeling defeated and wondering how much better i can expect myself to get,sadness,1
i do i really do think i have some justification for feeling smug,joy,0
i feel sorry for albums like the nd law and living things which have four or five fantastic albums to compete against,sadness,1
i feel at least dating them would not be in vain,sadness,1
i probably love a handful of friends too but i always feel a bit strange when describing this as love,fear,2
i end up feeling so unwelcome i go into a spare bedroom being used as a coat closet take the xanax i had been saving the entire time and pass out,sadness,1
i feel he has been a terrific captain and hes played very well for us taylor said,joy,0
i wanted both but i feel greedy,anger,3
i feel you and its so sincere,joy,0
i love the feeling of aching oh what are those insipid things called on the front sides of my calves muscles and i love the fantasy that some day soon i will be featured in sports illustrated as the swimsuit model of the year maybe they will make a special issue for the baby boomers,sadness,1
i sorta feel like everything is so delicate right now,love,4
i guess just like a porn star looking at a inch rubber dong i m feeling a bit hesitant about the whole thing,fear,2
i feel uptight love had to show me one thing i was so right,fear,2
i picked up and moved to the czech republic by myself it was chris who sent me a care package with food and music to remind me of home when i was feeling my most homesick,sadness,1
i feel i had to make as a hateful bastard is too stupid to make any assumed connections that are not themselves hateful,anger,3
i feel stressed frequently,anger,3
i never have it feels insincere and a little nosy you get a hint that something might be wrong and want to jump in and get all the details,anger,3
i have to fight from feeling overwhelmed by it all,surprise,5
i have a bunch of ideas but at the same time i feel intimidated because i am just a freshman and apparently know nothing about anything,fear,2
i bought into what the world had told me would fill this emptiness but all it did was leave me lonely feeling confused at the emotional baggage and physical consequences i never expected,fear,2
i feel tortured because i am not allowed to enjoy food the way my friend can,anger,3
i hear your still cool several times a day and it makes me feel so cool,joy,0
i overcome the claustrophobic feeling that i get after i dont know but what i do know is that there is a path i need to follow to get to my vision and i need to make sure the road i choose has to lead there,joy,0
im stressed angry upset to the point where im feeling numb but one more bad thing is sure to set me over the edge,sadness,1
i recently mentioned i feel savage worlds isn t doing a good job modeling the kind of story robin and i are telling in our current duet game and i m willing to experiment with another system,anger,3
i still try to force myself to do some even if i m feeling irritable withdrawn and quiet at the time,anger,3
i hate the moment when i completely feel perfect with people around me whom i love the most suddenly disappear,joy,0
i woke up feeling crappy headache sore throat congestion but emotionally calm,sadness,1
i clumps everybody together in a weird way and i feel liked and respected but unloved by anybody,love,4
i would imagine someone to have achieved much more yet i feel no desire to reach out towards the greedy hands and caretakers and give them my sand from the hourglass of mine,anger,3
i feel burdened a href http scratcheverything,sadness,1
i might feel a bit proud if i had one on my left wrist as this is a turbillion watch made in hong kong,joy,0
i feel confused too,fear,2
when my little sister was sick at home and i thought that she would die,fear,2
i have been labeled the accuser and for this reason i feel it is my responsibility to bring to your attention this information about whom you have believed to be faithful,joy,0
i feel so good,joy,0
i feel many petty people have judged me simply because i may be one,anger,3
i guess i just need to see how it goes so while im feeling very nervous im also very excited,fear,2
i feel and i dont need some dumb reason to legitimize or excuse the way im feeling,sadness,1
i am however caught by the feeling that i missed out on a lot of interesting conversational banter by reading dead writers write about deader writers,sadness,1
ive been feeling a bit shitty about myself these past few days and there has been a sudden drop of self esteem going on,sadness,1
i feel guilty and sorry to them,sadness,1
i feel greedy with my thoughts and it is a relief to let them linger,anger,3
i feel humiliated i choose to believe that somehow janis sanders will see these words and know that he cannot get away with abusing others,sadness,1
i feel like you will be completely satisfied with the results,joy,0
i do have a chinese mum a few chinese sisters spent two very important years of my life in china so when someone who knows all this has a conversation like the one below with me i feel pretty hopeless about the power of education,sadness,1
i am also in an exciting space i have to admit i am feeling curiously excitedly optimistic about the future,joy,0
i hope she didnt get that feeling i didnt want to make her feel bad about bringing it up,sadness,1
im finally looking forward to my toes kissing the sand once again and feeling so free,joy,0
i still have feelings for him only broke up for a month or so we re friends at the moment and i want him back as well,sadness,1
i feel such an attachment to cindy her sweet family and atticus,joy,0
i and i are feeling especially thankful for so many small blessings in our life right now,joy,0
i can still feel my legs and they get so cold,anger,3
im feeling morose as i tend to do when im awake and writing here at almost am,sadness,1
i feel like a failure of a parent which add that to the emotional rollercoaster of having to have an unplanned c section and well some days i feel like i have just failed from the beginning,sadness,1
i have just been wandering around santa cruz and thinking about this being the last time in a while that i m seeing all those meaningful streets squares shops caf s where i have spent so much time with my friends makes me feel almost heartbroken,sadness,1
i cross the finish line i want to feel exhausted and alive at the exact same time,sadness,1
i shared previously the tv program and another minor disagreement before bed left me feeling rejected and lonely,sadness,1
im now and still addicted to the way living a healthy and fit lifestyle makes me feel energetic confident strong and youthful on a daily basis,joy,0
i can genuinely say from the bottom of my heart that i feel absolutely thankful,joy,0
i feel like a bit of a strange one,surprise,5
i feel so appreciative to have their support,joy,0
i was driving back i was having a moment of missing new orleans and feeling really sad when it just hit me that i was able to go visit them for the night on a whim and i felt such a peace,sadness,1
i feel welcomed appreciated,joy,0
i really don t feel all that bothered by the north london derby,anger,3
i feel excited just imagining it,joy,0
i feel a bit shaky at night lately i ve awoken with this,fear,2
i get a feeling that why did i pay for getting so fucked,anger,3
im already feeling stressed about salvaging the friendship as time goes by i realize theres also another point that isnt helping,anger,3
i would really like to be able to help out financially around the house and it makes me feel that much more useless when i cant,sadness,1
i feel content with it all,joy,0
i say that feelings dont dull selectively,sadness,1
i had horrible anxiety dreams every night last week and it made me feel really paranoid and of course all of that reading about conspiracy theories and unsolved crimes online didnt hugely help matters,fear,2
i am feeling a little dull this morning because we had a winetasting at our apartment yesterday to choose the wines for our wedding,sadness,1
i didn t have feelings for them but seriously after a while how do you feel love for someone who treats you with such disregard i was faithful and loyal,joy,0
i usually doubt my self at this point as i feel i should be that amazing housewife who motors all day and has a list of things they can tell theyre husband they did all day while they were at work and i was at home,surprise,5
sometime back another girl who was in terms with my exboyfriend came to shout at me at twelve midnight it was because she thought i was still interested in the boy,anger,3
ill be honest i feel almost as relieved now as i did when i first found out i was getting book published,joy,0
i started sewing more garments i feel like so many popular clothing brands are so cheaply made,joy,0
i asked the girls i was with if it was just me or if their eyes were feeling weird also,surprise,5
i never feel fucked the week after i used some i feel great acctually thinking of the wonderfull time i had the weekend before img src http israel,anger,3
i just feel really emotionally drained,sadness,1
i feel it pinging my brain and its not pleasant,joy,0
i feel strange and weird about this entire struggle am i the only one who deals with this kind of conflict,fear,2
i feel as though my body is damaged like everything has just stopped and ive became a little girl again,sadness,1
i friends its a feeling that runs under everything he is every dumbass word he says and moronic thing he does but its worst when hes with rukia,sadness,1
i walked away from them feeling discouraged about how technology seems to have replaced relationships in so many ways lately and what did i do,sadness,1
i feel like robin is very troubled right now maeve feel free to comment,sadness,1
i know im not in the best place of my life still dealing with the infertility issue but i feel i have a lot to be thankful for,joy,0
i feel a bit frightened that you are touching my car while i am away repeatedly i ask you to stop putting stuff on it,fear,2
i didnt feel as amazed as i expected their nail area is quite small and isnt very posh and cushy like i hoped,surprise,5
i know i shouldn t be upset shouldn t feel this melancholy that is eating away at my insides leaving tears in my eyes and an ache in my heart,sadness,1
i just need to find ways to feel pretty,joy,0
i started today feeling not terrible,sadness,1
i feel like a treasured prize,love,4
i still feel that i expect pieces of the world from him but im afraid to come close and place those expectations upon him again in fear that hell disappoint me,fear,2
i forgot to feel sentimental about my line being pulled,sadness,1
i don t feel like creating another religion that will cause trouble to the troubled souls of many,sadness,1
i feel like the one who is being blamed and the one who would get upset if problems arose in the future,sadness,1
i feel this ad does i m not impressed,surprise,5
i feel like washing and caring for the lunapads teaches a certain amount of appreciation for our things,love,4
i knew it was the holy spirit at work plus it feels divine in the gooooood way like a massage reassuring me,joy,0
i feel completely shaken up,fear,2
i feel frustrated that its not easier other days i remember that the blessing of research learning trial and error hard won success and patience will give me a far better garden in the long run,anger,3
i have a feeling its the kind of thing logan would have admired and hes the last person on earth would have ever betrayed that trust,love,4
i am able to write a full letter in insular minuscule and i will probably never have the skill of xviith century writing masters such as maria strick or jan van den velde but i feel that learning a craft is a worthwhile effort in and for itself,joy,0
i feel so relieved but at the same time i feel so lost,joy,0
i wanted the viewer to feel as though they were a spectator on this pleasant winter afternoon standing at the edge of this cliff peeking through the tree boughs,joy,0
i can have strong feelings of inadequacy and become convinced that everything is all wrong or i cant do anything right,joy,0
i was in the throes of being brought to the edge i once again felt that same feeling of submissive ownership emotions building,sadness,1
i want to talk to you about but with the limited time we have on the phone and with our current arrangment i feel hesitant to bring it up,fear,2
im hoping to find peace with myself and in the world while still feeling the poetry of the tragic,sadness,1
i made my own recipe cards and included little gift cards for friends far away so we could feel like we were having coffee and a delicious treat together if i can do this on the computer anyone can,joy,0
ive been feeling so jaded,sadness,1
i shouldn t feel so apprehensive,fear,2
i am able to say with acuity that feeling exhausted is not normal for anyone,sadness,1
i actually feel sorrowful,sadness,1
i also feel like i have been keeping myself intentionally stupid behind slow in the past ive known that keeping up with gaga would require getting up to light speed which transforms you into an artist and im ready to do that now an hold nothing back,sadness,1
ive been thinking about that this morning and realizing that my ordinary life is starting to feel dull,sadness,1
i feel discouraged why should the shadows come why should my heart be lonely and long for heaven heaven and home when when jesus is my portion my constant friend is he oh his eye is on the sparrow and i know he watches watches it over me,sadness,1
i feel so comfortable and happy with without having to be blood related to them,joy,0
i didn t take that lightly i know that harsh words can leave some people feeling absolutely devastated,sadness,1
i kept waiting to feel the water and when i did i was surprised at the velocity i gained,surprise,5
i feel foolish amazed and yet i feel foolish a href http dkang,sadness,1
i went blonde i was feeling adventurous and a little lost in who i was as a person,joy,0
i confused my feelings with the truth because i liked the view when there was me and you i cant believe that i could be so blind its like you were floating when i was falling and i didnt mind because i like the view i thought you felt it too when there was me and you lyrics from a href http www,love,4
i feel pathetic and am asking myself how i could even let things get to that point but i did,sadness,1
i feel satisfied and pleased after getting good marks in exams or praise from teachers for good performance,joy,0
i feel more adventurous willing to take risks img src http cdn,joy,0
i feel thrilled about learning,joy,0
i am sitting here in front of my mac feeling more carefree than i have felt for months,joy,0
i wonder are you jealous or feeling of discontent or covetousnes,sadness,1
i feel was where i fucked up a bit and something i wish i could change,anger,3
i feel really tranquil where i am right now,joy,0
im back to my un emo mood re reading that post makes me feel like im over reacting over something so petty,anger,3
i wanted to say something to her but it was just a bad vibe and i was feeling hostile didnt think it was a good night to do so,anger,3
i tend to question whether there is a god and if i feel i m in intelligent enough company i will tell them if they ask,joy,0
im not appreciative enough does not love and care for myself enough and does not feel contented of what i have now i will never be happy,joy,0
i cant help it because of the way i feel around my family like pairs of eyes boring into my back and just observing me all the time,sadness,1
i feel like i almost convinced myself this is going to be the pattern,joy,0
i absolutely love this skinny fiber it is doing wonders for me and i feel fabulous,joy,0
i have been feeling so bad that he has to be coherent and deal with teenagers all week,sadness,1
i feel depressed to the point of developing high fever at least once a week,sadness,1
i know that i sound like i m contradicting myself but i feel very satisfied with how i ve been doing at work,joy,0
i just feel so damaged hurt and in severe mental and emotional pain right now,sadness,1
im feeling quite excited because i get to introduce you to my newest fabulous sponsor,joy,0
i have something to tell you girls i finally feel brave enough to share the news,joy,0
i feel irritable and low but i just cannot put my finger on what exactly i am unhappy about,anger,3
i was feeling isolated lonely and misunderstood,sadness,1
i feel when the super exciting sensory bombardment is over,joy,0
i am not going to get into saturday night all im going to say is i once again went home sat with billy for a bit then went to bed feeling alone wasted not in the good way and abandoned,sadness,1
i wish i had the week off too i feel like a mellow week of tidying and cleaning watching old movies and daytime tv with them,joy,0
i left feeling pretty disappointed in my casting skills,sadness,1
i woke up this morning to a text from mr c declaring he was walking to work as he typed miles and was therefore feeling virtuous,joy,0
i feel like i have been a little distracted lately,anger,3
i feel like i tend be more passionate about things that are less popular to talk about,joy,0
i get giddy over feeling elegant in a perfectly fitted pencil skirt,joy,0
i guess only my wife can really know for sure but i feel at least a little bit less selfish since being married,anger,3
i am very glad they came and glad i risked feeling foolish,sadness,1
i do feel like less of a person when i constantly hear family members use hateful language every time anything even remotely related to homosexuality comes up,anger,3
i couldnt help feel infuriated when i had left the building,anger,3
im now sat in work on a late shift putting the finishing touches to tomorrows paper and feeling ever so slightly delicate,love,4
i feel is that i cant get far enough away from what feeds melancholy for long enough that it would just wither and die off,sadness,1
i dont know why but i feel uncomfortable in front of people who flaunt their strength or their accomplishments,fear,2
i left the place feeling heartbroken,sadness,1
i was feeling depressed about our infertility and had received a slew of pregnancy announcements that week,sadness,1
i just feel so appreciative,joy,0
i feel no matter how convinced i am that i am all alone on this life journey of mine i am not alone,joy,0
i head upstream to explore bringing my notebook to write up the events of the day and i soon find running water with some small pools big enough to strip down and throw some water on the ole corpse which feels lovely,love,4
i have been feeling strong and optimistic and then bam,joy,0
i stopped challenging him and always make him feel more than superior to me like magic the whole fighting stopped,joy,0
im feeling passionate about in my own home,joy,0
i get into what it actually does i feel like everyone should buy it just because it smells amazing,joy,0
i feel like im giving them a story to tell to their friends and family which is funny because growing up i anticipated to be the one to travel and spontaneously meet an erratic person that swoons me with their life stories,surprise,5
i drove away from today feeling overwhelmed with news that i have heard a trillion times and news that my heart knows already,fear,2
i finish typing this post i realise i m ok no longer do i feel annoyed angry or even sad,anger,3
i feel disgusted embarrased and sad about how i handled the situation,anger,3
i feel rather intimidated by my re his impressive background and the clinic in general,fear,2
i set up a consultation with a therapist last week and i went to see him today i spoke to him about my general feelings towards things and in the end he reassured me that i did not have atlephobia but instead i had social anxiety which is apparently really common,joy,0
im feeling a little more convinced,joy,0
i was feeling a bit homesick so i made a last minute trip over to broomfield the weekend of the th to the nd,sadness,1
i feel surprised that scientists to actually question about how it is weird for the initial conditions of the universe to be fine tuned to very special values such that our universe is almost flat,surprise,5
i t want t know f t habitual t feel frightened wh n initiation r career,fear,2
i understand that some of you will now feel a bit disturbed and unsure at this point,sadness,1
i feel idiotic sifting through personals sites only nerve,sadness,1
i am now feeling more and more confident and with little improvements here and there i know i can be fighting for a top in most races and a spot in the money if i stay the course,joy,0
i hope you enjoy and do not feel offended,anger,3
i may be feeling more generous than normal but i really think a lot of teams did well in drafting good players at good spots and filling needs,joy,0
i just kind of feel blank about the whole thing,sadness,1
i am not sure if we should buy more but my hubby and i are feeling pretty impressed,surprise,5
i read too much about discovery and exploration in the wild west and while i feel that those concepts are precious taking part in them often myself this book just brings a refined feel when i sit back in the chair for some quiet time,joy,0
i hate being so hungry and weak that i feel stubborn and dont want to do anything productive,anger,3
i feel i am really a cute pirate girl than the somewhat cute landlubber man that i sort of am,joy,0
i m being reserved kind i feel so loads and loads and loads of mood swings i am not caring eh,love,4
i am not normally the kind of person who gets emotional upon meeting a public figure but as strange as it sounds seeing you yesterday for the first time ever the feeling came over me was the feeling one might feel upon seeing a beloved favorite loving aunt lol,love,4
i feel a loss for the precious lives that were taken so mercilessly an abominable side effect of what happens when those among us hate,joy,0
i was feeling resentful enough to want to write about it here which means i need to work on look getting my hackles raised when others judge me,anger,3
im just really hurting and feeling a bit overwhelmed,fear,2
i feel like im reliving the prequel again another jedi queen in a romantic relationship trying to keep it secret,love,4
i feel horrible because youd think id know after a mountain together,sadness,1
i felt off kilter before and since following his prompting and seeking peace i feel resolved,joy,0
i come out of that fight feeling whipped and saddened and hated for who i am and i have to put on my big girl panties and pretend hey everything s fine even though we re pissy at each other,sadness,1
i finish my lesson although very happy that it is over i feel good i feel that it was worth it,joy,0
i feel emotional about how people have treated me over the last few months and years,sadness,1
i feel very rich today,joy,0
i dont know why im feeling so listless,sadness,1
i try not to laugh because sometimes it hurts vellas feelings but some of the things he does are so funny,surprise,5
i feel like hes trying to be the one to comfort me and help me get over yash which is sooo sweet of him but at the same time it makes me love yash more because he cant compare to yash i feel like i cant trust fateh,love,4
i mean it is exhausting to feel bad all the time,sadness,1
i had an incredible feeling of frantic despair,fear,2
i feel very helpless and even useless,sadness,1
i thought this was a good idea in that it gave you time to recover if you were feeling nervous or overwhelmed and also gave you the opportunity to make your escape if you felt so inclined,fear,2
i always put up a strong front care for others looking into peoples welfare before my own but in the end i feel really shitty,sadness,1
i sort of feel a bit unsure now as to what to touch upon next,fear,2
i feel more satisfied with what i eat i feel full longer and i dont feel like snacking later,joy,0
i cleared my head and have come back feeling determined to further myself in my career,joy,0
i could feel he divine blessing on me for the tryst,joy,0
i focus on it when writing this i feel a bit of tightness the popular alternative to pain around the area,joy,0
i feel your innocent love,joy,0
i feel its an amazing resource for families traveling to orlando,joy,0
i do not feel dumb any more,sadness,1
i feel like it s going to be something shockingly amazing,joy,0
im feeling a little stressed,sadness,1
i realised something was wrong when i started to feel everyone hated me and was saying things about me and only wanted to talk to me because they pitied me,anger,3
i continue to explore these sites i feel like they would be more useful in an industry which requires to maintain contact,joy,0
i like to think true beauty comes from the inside and that im loved for who i am on the inside but i definitely feel less valued and loved when i look like this,joy,0
i do feel that running is a divine experience and that i can expect to have some type of spiritual encounter,joy,0
im feeling slightly intimidated,fear,2
i feel remorseful about leaving food behind and make an effort to eat at least half of it but after stuffing myself at fruits parlor and eating this hamburger steak and all,sadness,1
i had it in the bag because i was still feeling strong,joy,0
i should have known better if you are traveling with the military and you feel satisfied there is definitely something wrong,joy,0
i can feel what hes feeling but not quite because this is his own beloved brother,joy,0
i don t feel superior to people who have made different choices or threatened by them,joy,0
i would experience this a number of times later in life but this was my first experience with an icky racism that prevails in all cultures and skin colors around the world it made me feel dirty,sadness,1
i love to be able to say how i feel and i love to be in this complacent spot,joy,0
i want to go find something to wear for pesach that is ethnic and flowy and perhaps even jingly and makes me feel playful and royal at the same time,joy,0
i feel my repressed emotions surfacing im glad for the solace i can seek in my writing,sadness,1
i was up to tackling some exercise in the backyard shed late in the morning and then had my breakfast the burden on my system was such that i began feeling lethargic and i scotched an intended shopping expedition for a second consecutive day,sadness,1
i believe that what was displayed is a deep emotional yearning for semblance of normality peace since it appears the dancing arabs did not feel threatened by a fully armed soldier,fear,2
i feel comfortable running two miles i shouldnt have a problem running,joy,0
i love it when i feel hot and beautiful and sexy,love,4
i just feel really needy,sadness,1
i struggled to come up with an interesting title for this blogpost but its about lipbalms and i feel most people would consider this to be a boring subje,sadness,1
i feel lucky to know what its like to revel in the freedom and wide open spaces that being by the sea affords,joy,0
im feeling scared im going to treat this as sacred something valuable to venerate and pretend im like a cat,fear,2
ive been feeling myself with a fake sense of purpose,sadness,1
ive not been back to the doctor in a year and it feels so fabulous,joy,0
i feel optimistic that he ll settle in before too long once we ve arrived,joy,0
i got a feeling like something tragic is going to happen and im praying to god im not like kristie and that im completely wrong on this one and that everything is fine,sadness,1
i am feeling valued and supported which is great,joy,0
i am so burdened to be a spiritual father to all generations and i really feel impressed that each and every believer should do so,surprise,5
i feel that now i am a lot less irritable than i was before,anger,3
im left feeling convinced this is another relationship that is damaged and it was one of only a handful remaining that i had trust in,joy,0
i feel he has been a terrific captain and hes played very well for us taylor said,joy,0
i am not that organised but i am feeling smug that i have at last managed to list a couple of fathers day cards in my etsy and folksy shops,joy,0
i feel kind of sorry for him and the flirtiness between peeta and the heroine of the book makes me feel like i really dont want him to die even if just for katnisss feelings,sadness,1
i feel discouraged why should the shadows come why should my heart be lonely and long for heaven heaven and home when when jesus is my portion my constant friend is he oh his eye is on the sparrow and i know he watches watches it over me,sadness,1
i see jacque i feel extremely guilty because she still hasn t forgiven me,sadness,1
im still feeling that christmas loving with my polyvore boards and its only the start of advent,love,4
i cannot speak for others but all i know is i feel i am the most successful prettiest version of myself when i walk out of my starbucks with my red cup holiday cup in hand,joy,0
i want something that gives me a major orgasm that will make me feel so horny ill screw anything that moves,love,4
i feel worthless for letting it happen,sadness,1
i honestly feel is almost tragic,sadness,1
i have been trying to come to terms with my own emotionally damaged thinking but now i almost feel convinced that my thoughts are full of validity,joy,0
i feel strange out of sorts and i wont resort to this again,fear,2
i feel that she should change herself and i was too timid to speak up for her except in underground murmurs,fear,2
i zoom into those difficulties into feeling like having to give up everything and feeling more then helpless alone in a desert cast out by the ways voices and actions of others that is another story when i zoom into it i also temporarily loose the view of the full picture,sadness,1
i didnt feel isolated as a child i do remember feeling a bit overwhelmed by the different feel of the neighborhoods when we came down the mountain,sadness,1
i didnt feel particularly sociable,joy,0
i could feel he divine blessing on me for the tryst,joy,0
i get the happy i can die now feeling and i honestly feel like if i died in the next few minutes i would be satisfied with life,joy,0
i feel embarrassed by it,sadness,1
im just saying that if i did they would make me feel successful,joy,0
i am feeling and it allows me to be distracted from my own life and caught up in someone elses even though theyre not real people,anger,3
i got out of my cab at the train station feeling firstly quite convinced that there is definitely more method in the madness of flat planet than i first thought when i visited it the day before and secondly that this had to be one of the scariest telephone interviews i ve ever conducted,joy,0
im feeling drained as usual,sadness,1
i have an ironic feel i dont feel anything special but i still smile broadly whenever he tells me something,joy,0
i was feeling deprived because we did our traveling in june but we still have one weekend getaway planned for the middle of the month as well as the free concert every tuesday and a few other random outings,sadness,1
i am feeling festive and in the mood to give a gift,joy,0
i feel so sorry for you your family and friends,sadness,1
i went upstairs feeling gloomy disappointed switched my phone on silent mode and watched the notebook instead,sadness,1
i dont call what i am feeling as nervous but more anxious,fear,2
i feel passionate about and want to convey in my stories are not suburban north america but the truths of who god is are bigger than geography,joy,0
i feel very miserable now,sadness,1
i feel so privileged to have been selected by can fund to receive this support,joy,0
i am already feeling very much lousy i seriously do not need anyone to give me comments,sadness,1
i am feeling doubtful that nutritional methods alone will solve the problems,fear,2
i was over tired and feeling irritable as a result,anger,3
im still feeling really shitty and undeserving of their love,sadness,1
i am not not studying coz i am feeling complacent,joy,0
i feel listless and lethargic with a hint of anxiety as if there is something i need to be doing but i dont know what,sadness,1
i sit here tonight i feel anxious,fear,2
im feeling awful this afternoon,sadness,1
i have noticed that if i go with out i start to feel irritated at him or easily annoyed by the things he does i feel this tiny ache inside of me almost unnoticeable the first few days as if a tiny hair had burrowed its way into my foot,anger,3
i mean architectural wonders just make you feel wowed impressed and you just end up really respecting the people who built them but nature just makes you feel so much more aware of the world around you without actually actively doing anything because they were always there you know,surprise,5
i really did feel fantastic after writing out that list and i still do every time i read it,joy,0
i feel like im becoming the most dull witless stupid zombie by spending my life with him and his friends,sadness,1
i feel that one has to be passionate but not tensed,joy,0
i am here again feeling confused of what is happening around me looking for a plane to grasp a reality to settle that feels like it is my own,fear,2
i decided to focus on how i was feeling and what needs were not being met for me in this situation rest calm enjoyment relaxation,joy,0
i feel like fake eyeglasses will make me look older and hell a little more authoritative too,sadness,1
i feel like a blank canvas i have no clue what i am doing right now,sadness,1
i pushed the feeling aside and contented myself with an apple,joy,0
i live though it is my husband my children my spirituality my love for nature and my enthusiasm for life that keeps me feeling grounded and happy,joy,0
i was sipping my diet coke watching my the swimming lessons and feeling aggravated that my mousekins were not being better listeners the thought crossed my mind,anger,3
i feel a satisfied calm while recording a dream that i presented it like the higher message in which it was intended to be,joy,0
on the way down a ski slope which was difficult and steep,fear,2
i actually feel inside which is so dangerous because apart from my shoulder i feel really amazing,anger,3
i can be as kind as an angel but sometimes i can also be as mean as a devil i used to use harsh words when i feel irritated,anger,3
i love this feeling i feel that despite this rain despite the gloomy sky i am feeling good and im feeling fine,sadness,1
i already feel like im being tortured by not having any,fear,2
i am so relieved and excited and i feel confident again,joy,0
i feel to you or dad because dad is pissed about the dishes and will in turn belittle the way i feel to simply me being a spoiled little bitch who doesn t do jack around the house,anger,3
i do not like chain letters or anything that says you must we all have too many things we feel we must do so i give it to you freely with no obligation that you must do anything except the sincere wish for you to be happy,joy,0
i have definitely felt the stirrings of spring and although i expect more winter weather in march i feel assured that the seasons are changing,joy,0
i feel slightly pained and jolted like frozen toes thawing out after a long afternoon of sledding in the snow,sadness,1
i feel very privileged when i think that the homes that i grew up in still exist and i,joy,0
when we stayed in vienna with our class,fear,2
ive been meeting up many people since this semester but tonight at cinderalla i couldnt help but feeling sorrowful and down,sadness,1
i feel i wear what i wear to show other girls at my school who are timid when it comes to fashion that you won t look weird if you walk around with your head held high,fear,2
i guess this is exactly what being feels like longing to go on adventure but at the same time feeling like you want to settle,love,4
i did feel a little less inhibited in class tonight,fear,2
i feel irritated a lot,anger,3
i left the place feeling heartbroken,sadness,1
i asked whether if he feel shy around me he said no and he say because im a very active person,fear,2
i feel that my beloved nakahara mai would voice her nicely,love,4
i am going to get out my soapbox and talk about something that i feel really passionate about,joy,0
i feel a bit stressed because it feels like im supposed to do something all the time and that i should be reading now,anger,3
i always intended on achieving just so i could be with everyone else and feel like i was an intelligent productive and successful person,joy,0
im happy with my race pace officially and my ability to pull it together when i started feeling crappy,sadness,1
i will tell you honestly that children generally can be very trying for me but when it comes to being a support to help them overcome circumstances and rise above it i feel my experience in that field is valuable and beneficial,joy,0
i guess ive heard enough over the two months because each time i hear such comments i honestly feel offended,anger,3
i feel such an attachment to cindy her sweet family and atticus,joy,0
i pray that each of you who is hurting or feeling afraid tonight finds peace and soon,fear,2
i only talk when i feel like i have something valuable to say,joy,0
i feel at times life losses its joy and becomes empty and feelings of exhaustion over take our positive side,sadness,1
i feel so excited to have made time to blog again,joy,0
i look at my work and i just feel like its less than perfect but i want perfection,joy,0
i have been feeling strong and optimistic and then bam,joy,0
i hate getting behind because then i feel pressured to get it all back up to date so i can move on to other projects,fear,2
i feel generally dissatisfied and lost,anger,3
i was feeling very inspired to get some work done,joy,0
i feel so overwhelmed im nauseous,fear,2
im feeling very thankful for the rhythm of these days,joy,0
i shalt say we did cos i din feel a thing when he wrote hw he is keen on xxx,joy,0
one of my very good friends came to me for advice as her boyfriend had been hitting her and beating her quite harmfully,anger,3
i really cannot do anything can i how does it feel to have such a dumb a daughter,sadness,1
i feel a remembrance of the strange by justin aryiku falls into the latter category,surprise,5
i needs to get healthy i feel more lively and sexier than i have in years,joy,0
i am now feeling like i want to be the raider that i once was a vital and important part of a team of peers,joy,0
i instead feel restless,fear,2
i feel our relationship is more divine and informal,joy,0
i was still feeling like i wasn t accepted and had no one else to go to,joy,0
i feel that because of our own love of reading and writing that we are more compassionate and understanding about the struggles that both new and established writers go through,love,4
i wasnt so self conscious of my atrocious singing i think id be tempted to break out into this whenever a colleague is feeling defeated,sadness,1
i can wear anything and not feel bad,sadness,1
i didnt end up with that popular guy before the feeling i had when i was rejected its like a break up what i thought during that time la,sadness,1
i feel this distraught i am thankful that the weather is improving so much,fear,2
i found myself feeling fairly ignored sort of taken for granted you know,sadness,1
i mean that it feels to me that she feels that everyfuckingthing is my fault which fucking makes me irritated because im neither passive enough to tolerate it nor is it my fault,anger,3
i was catapulted back into feeling more terrified of people than i had been in awhile,fear,2
i feel highly honored to have been given this special glimpse into the relationship between you and your little nugget,joy,0
i still feel constantly paranoid and anxious i keep wanting to go on facebook to check he hasn t been back on there i keep wanting to go through the texts on his phone i feel edgy when he s at work and want him to come straight home to me,fear,2
i know is my feelings were innocent,joy,0
i just do not feel uptight at all,fear,2
i feel very satisfied to have gone through this challenge,joy,0
i feel peaceful like i shall grow wings and fly away,joy,0
i love to be able to say how i feel and i love to be in this complacent spot,joy,0
i thought i wont be affected by how youre thinking feeling but the petty side of you digust me,anger,3
i ended up eating lots of carbs on both days but i didn t feel as pressured to eat a bunch on the last day,fear,2
i cried walking home from a bar feeling as though i was completely ruining the carefree mood or later in the night back at my old apartment to my best friend everything seemed to come crashing down after having fun,joy,0
i did manage two short runs and a walk but today im back to feeling just shy of awful,fear,2
i feel tortured and tragic enough as it is without having any importance or sparkle,anger,3
i could wear on a casual shopping trip to feel fabulous without even trying,joy,0
i feel like i have been rather unkind to it,anger,3
i woke up feeling positive i was totally in the mood for doing this and this evening i feel the same i had a banana shake for breakfast a chocolate shake for dinner and a sunday roast for tea,joy,0
i feel so sympathetic empathetic towards them,love,4
i will feel as though that time has come in vain,sadness,1
i have to admit that while the story itself was interesting in their portrayal of the well known biblical story i came away feeling a little disappointed with the end result especially considering the names involved,sadness,1
i feel may be vital to fiction itself,joy,0
i feel is a dull worry,sadness,1
i had a really good first impression of them but i feel one of them dont really like us because she wasnt as friendly as when we first moved in,joy,0
i feel i am more of innocent and easily getting emotional to silly things,joy,0
i have really come up against some intense struggles since moving in here and i have to say i am very proud at the way we are giving each other the respect to feel however we need to feel mad stressed whatever and yet we still pull together to fix the issue,anger,3
i feel like starting with my name is susanna but i dont want to be that boring,sadness,1
i was going to say that it makes me feel all unloved and shit but thats just me being overly dramatic,sadness,1
i feel like they would only mask or dull the problems instead of help me work my way through them,sadness,1
i have to say i feel slightly envious of julian,anger,3
i feel ashamed that my two bags look like theyve erupted exploded natural disastered all over my hosts spotless stylish living room,sadness,1
i achieved was deepening my realization that i need to plan ahead to feel satisfied and avoid making silly food choices,joy,0
i feel lucky that i have an awesome life and family even though i belong to a middle class,joy,0
i could leave spitak and come back after two years to the same town the same neighbors the same school children shouting my name and feel welcomed,joy,0
i feel subaru stops being that innocent being we were presented to in the beginning and begins to turn into the depressed young man of x who also kicks ass,joy,0
i feel like a beaten pi ata spewing unhealthy emotions and defeat,sadness,1
i dont like the way i feel when i am angry,anger,3
i just feeling needy,sadness,1
i know there are a million strollers and babies in the world but the thought that my stroller had made someone feel how ive felt so many times broke my heart,sadness,1
i was feeling really rotten,sadness,1
i aint pissed angry mad or anything i just feel pretty much fuckin insulted,anger,3
i did that at the recent french open with the claret jug so i now feel somewhat reluctant i got close to the claret jug in france as i felt afterwards i want to be able to do that till hopefully win the open and then get to bond it for the next twelve months,fear,2
i was at the cinema with my sister and her boyfriend a man sitting beside me started to stroke my leg for a while,fear,2
im still feeling a bit grouchy,anger,3
i feel when juggling all of the fine details that go into a professional writing career,joy,0
i feel i will never escape something drawing attention to my forehead when distressed because i imagine old age will turn the scrunching into permanent wrinkles,fear,2
i remember feeling embarrassed that not only someone recognized me but called me such a name,sadness,1
i feel strange actually sitting beside some people i don t know,surprise,5
i feel like there is a violent war going on in my stomach,anger,3
i write that i feel a bit anxious,fear,2
i think whenever we moved to a new place i had to find some way to feel accepted,joy,0
i need to feel assured i need to feel secure,joy,0
i should feel like there is much to do sure because there is but not so much that im overwhelmed unhappy and not enjoying my time with my family,joy,0
i didn t binge at all during the weekend and had more energy to clean the house something i had put off for weeks even if these pills didn t really make me lose any weight i wanted them because i hardly felt the need to eat and didn t feel totally and completely exhausted,sadness,1
i feel weird if i just do completely nothing,surprise,5
i sure hope we do as i feel very isolated without any contact with home,sadness,1
i am feeling and it allows me to be distracted from my own life and caught up in someone elses even though theyre not real people,anger,3
i must really be feeling brave because this thrifted outfit is a swimsuit,joy,0
i feel like hes too carefree to be as serious as i want him,joy,0
i still feel like i deserve to be punished for things that i would instantly forgive from strangers,sadness,1
i walk in the door to my house i feel happy,joy,0
i guess ill quit the predictions and quit feeling doomed,sadness,1
i like this so much but i feel like somehow this will be a term that becomes more popular in the future,joy,0
i feel ungrateful too,sadness,1
i feel too much but i don t care no i don t careeeeee i don t care by savage garden your three plans for tomorrow,anger,3
i help busy overworked mainly but not exclusively women go from feeling overwhelmed frustrated and generally pissed about their health and appearance,surprise,5
i didn t sleep well last night and i woke up feeling to borrow a wonderful phrase from a book i read rough as a badger s arse,joy,0
i feel pleased that i will resist it till i get these next four night shifts over with,joy,0
i took a shower then headed to the bsc loop to meet allies for the trip to the club feeling very triumphant that i had helped in such a marvellous prank,joy,0
i found myself feeling shaky and dizzy while i exercised and a part of my weight loss could have been due to getting a throat infection,fear,2
i am feeling hopeful excited and very much being made new,joy,0
i happened to see the videotape movie this is america part one at my friends place,anger,3
i had for me to confess my feelings for her but still i couldnt bring myself to her for i was scared of losing her once more,fear,2
i will be thinking of each one of you i will be happy toast and feel my sincere huge magical group hug link rel stylesheet type text css href http jdelivery,joy,0
i think the reason the discussions feel so lively is that since it is a night course the class is very diverse and large and a bunch of the students are on the older side,joy,0
i along happy peaceful feeling fantastic,joy,0
i feel those moments are very precious even to share,joy,0
i know luh feeling damn awkward can,sadness,1
i am feeling slightly apprehensive about tomorrow s crim exam that has a hefty weighting of but not to the point where i am sweating buckets or reaching for the razor blades,fear,2
i was so traumatised by the pestilence that i was feeling quite delicate and couldnt cook so we had to buy expensive and unhealthy convenience foods from the supermarket in order to avoid starvation,love,4
i can t help but feel troubled by this,sadness,1
im feeling especially keen,joy,0
i feel petty even though the thoughts arent real fleshed out thoughts just these fluttering i should feel like this kind of thoughts,anger,3
i feel guilty leaving an f,sadness,1
i am feeling melancholy sad depressed ok even angry that this is my second year without my oldest and youngest daughters klysta passed days ago andrea has chosen to not be with her family,sadness,1
i can think of to quit are not based on my own needs and wants but those of others scars make other people feel uncomfortable self injury makes friends feel like they aren t offering enough support cutting is something sad teenagers do,fear,2
i feel and look gorgeous beautiful and sexy,joy,0
i am feeling kind of sympathetic towards camilla for that,love,4
i feel fearless janelle mon e elle canada february img width height src http www,joy,0
i feel amazing when i lift,surprise,5
i feel a bit frightened that you are touching my car while i am away repeatedly i ask you to stop putting stuff on it,fear,2
i feel bad not giving due credit,sadness,1
i feel very privileged when i think that the homes that i grew up in still exist and i,joy,0
i decided to see if i could locate margaret or jeff as i feel a longing to know how they are,love,4
i feel empty when the baby isnt there,sadness,1
i feel quite proud of myself and its a wonderful feeling after years of feeling anything but,joy,0
i didn t wish to be the president i hardly know these people and i got the feeling that they hated me for being quiet and not smiling,anger,3
i was feeling pissed then,anger,3
i have a curious feeling that benjamin button is the next forest gump curious case of benjamin button review a href http stayviolation,surprise,5
i feel complacent about it all,joy,0
i feel ugly disgusted and like a pig,sadness,1
i feel for pete but i also admire the fact that he is not devastated by it and is still his positive happy self,sadness,1
i stop being so reactive every little time i feel wronged or sense wrong in the universe,anger,3
im feeling stressed or out of control i regain control by breaking down my particular stressors into minutes segments to devote attention to and then go to it,sadness,1
im feeling amazing because im answering these questions from new york so life is good,surprise,5
i feel deer supporting mice parade at the hope rel bookmark permalink,joy,0
ive suffered from eating disorders and depression since i was and i feel amazed to say that i consider myself recovered now,surprise,5
i lived off lemon bars for a few weeks and then this weekend ate and ate and ate and it was all horrible food and now i feel and look and am horrible,sadness,1
i feel like she is more embarrassed that anything and cannot just let it go,sadness,1
i still feel that i expect pieces of the world from him but im afraid to come close and place those expectations upon him again in fear that hell disappoint me,fear,2
i feel amused and kind of tired still in the morning i,joy,0
i was left with my integrity and my dignity intact but feeling pissed off,anger,3
im feeling my loving heart is all yours for the stealing reach out your worn hands for you im ready a href http,love,4
i feel burdened and guilted by the weight of a decision gone bad,sadness,1
i had to sacrifice my comfort so he wont feel unwelcome,sadness,1
i like build quality and how the button layout changes according to the phone s function i also like that the haptic feedback really feels like the phone has buttons herrman is still convinced there aren t haptics,joy,0
im feeling the way shes not caring for me the way she used to,love,4
i feel useful giving in what i do,joy,0
i head upstream to explore bringing my notebook to write up the events of the day and i soon find running water with some small pools big enough to strip down and throw some water on the ole corpse which feels lovely,love,4
i feel irritated and helpless,anger,3
i feel like ive got the content down i print my work and read it through,joy,0
i usually buy but makes me feel especially virtuous when i go the homemade route ice cream,joy,0
i did not feel like i was on the edge and it got to a point where i wasn t bothered about who wins and to hell with it whether this fight will even end,anger,3
i recently attended a presentation by kingdom bank zimbabwe they are doing a series of road shows in and around zimbabwe i feel they are basically trying to get zimbabweans back into trusting the bank to some degree at least,joy,0
i would already begin to feel calm again and think that the one drink worked,joy,0
i remember feeling so lonely as a child in my room even though i had a lot of toys to keep me occupied,sadness,1
i feel scared to use headphones,fear,2
i consistently ask myself especially when i am feeling low or having doubts about my future,sadness,1
i am a bit too impractical in thoughts as i feel that makes life less doubtful,fear,2
i feel strong and good overall,joy,0
i still feel like i deserve to be punished for things that i would instantly forgive from strangers,sadness,1
i promise to respect my personal boundaries acknowledge that i am a perfect and divine being and that i have the right to say no when i need to without feeling guilty,sadness,1
i am from new jersey and this first drink was consumed at a post prom party so i feel it s appropriately lame,sadness,1
i am feeling shaky and weak,fear,2
i feel just gorgeous wearing it,joy,0
i feel like im selfish,anger,3
i want to feel admired and loved,love,4
i feel to my father in heaven and to your mommy for your sweet life,love,4
this happened when i could not get into the school i had initially wanted,anger,3
im taking advantage of feeling artistic incase it runs away again bell had her baby the other day yay,joy,0
i guess we all feel ugly in some sort of way,sadness,1
i have no word to describe the feeling reply she said its been days today that i have been in such a lovely country india i never thought that anything like this can ever happen to me where everyone treated us so gracefully humbly and with so respect,love,4
as a child i suffered of nightmares even since than,fear,2
i feel entirely free to express the way i feel about surroundings my life and the myriad of experiences that continue to make me who i am,joy,0
i got the feeling brig is sincere and has a very strong desire to help others become successful both financially and also through building strengthening relationships through christianity,joy,0
i feel comfortable with it,joy,0
i start to feel like im getting over the death of my beloved cat timmy and when i get used to the idea of only seeing my mum maybe twice a ytear from now on and justwhen i start planning for my futrue and happy timesa ahead i start efeeling like this again,love,4
i feel uncertain and not entirely safe,fear,2
i will be able to lay on my bed in the dark and not feel terrified at least for a while,fear,2
i instantly feel anxious that a police officer is going to pull me over,fear,2
ive to admit im feeling excited yet so unprepared for the surgery,joy,0
i kind of feel it how people appreciate this sense of not being entertained,joy,0
i truly feel i am irate,anger,3
i feel their exuberance upon being accepted and i feel their pain upon being rejected,joy,0
on the way down a ski slope which was difficult and steep,fear,2
im feeling quite disillusioned about my weighins,sadness,1
im not feeling the outfit but the heels are gorgeous,joy,0
i feel cared for and accepted,joy,0
i got a little bit of help from my brother at the beginning and lots of lucks near the end of the game which might make you feel dumb at least it did that to me hahaha and at the end you have to decide nikos and the worlds fate to save niko or to save the world,sadness,1
i am heavy and i feel dull all over i think i ve stopped breathing,sadness,1
im feeling a bit dazed and out of sorts like someone needs to poke me to really wake me up,surprise,5
i generally only use the practice shoes for party when i m feeling more casual about it i,joy,0
i feel amazed to say that i am doing what i only dreamed of doing again,surprise,5
i remember the very first day of feeling lousy years ago and how i believed my body was betraying me,sadness,1
i feel joyful of my new beginning,joy,0
i feel a creative mind brings more diversity and new thinking to any job,joy,0
i feel like ive been held back a lot this summer with soccer and my mom not trusting me,joy,0
i feel helpless because i cannot stop it,fear,2
i feel so selfish but i just want to keep my baby close for awhile and not let the rest of the world in unless i feel like it,anger,3
i am feeling pretty homesick for maine,sadness,1
i am feeling really sad,sadness,1
i love that i get to dress up and feel glamorous once a year,joy,0
i can barely stand the sight of a dog wearing a choke collar because i feel the dog s suffering,sadness,1
i still feel energetic right now,joy,0
i feel that being faithful isnt enough in your eyes,joy,0
i feel i feel fantastic,joy,0
i was feeling optimistic and actually ran the first couple miles at probably a pace,joy,0
i feel stressed i venture out to photograph nature in any form and that lifts my spirit,sadness,1
i didnt know what to feel except ashamed of myself for not feeling sorrow,sadness,1
i lie to myself to feel like i am trusting but the only person i really trust or trusted i guess is the me that is not trustworthy,joy,0
i can feel him kick and move and know that it will be ok,joy,0
i also really hope they feel ashamed as in se asian culture public shaming ie screaming thief after someone is about as bad as stealing,sadness,1
i want to do with my life is an amazing feeling and i couldnt be more pleased about where my future is headed,joy,0
i feel i wear what i wear to show other girls at my school who are timid when it comes to fashion that you won t look weird if you walk around with your head held high,fear,2
i have been asking myself some difficult questions in an attempt to understand why i feel this strange push and pull between different aspects of my life,fear,2
im not feeling joyful or spiritually fit,joy,0
i am anxious to see the movie bully it s trailer left me feeling shaken and nostalgic,fear,2
i feel a little bit chukey and unfortunately for us you like to sing all the inapporpriate words to fergie s glamorous,joy,0
i feel it is vital for google to become a player altogether of web technology aforementioned schmidt,joy,0
i have been for my bloods which proved the reason i was feeling so lethargic and rubbish was that i am low on iron so i have now been prescribed iron tablets,sadness,1
i had been feeling like a lost duck because experiences in my life have aged my soul faster than my physical age and i didnt have many who understood,sadness,1
i really feel regretful when hearing that shinae got married to another man oh it s really sad i really hope that alex and shinae can be a couple in real life they re perfect for each other,sadness,1
i find it hard to breathe and sometimes feel a little shaken up by the days events,fear,2
i don t want any of you to feel left out i am offering a discount on my tea totes to you my beloved readers beginning today through april th,love,4
i can feel the awkwardness whenever i do something that was acceptable before but no longer is,joy,0
i feel safe secure and protected when im in my daddys embrace,joy,0
i feel like a bitchy selfish idiot,anger,3
i upset you over the last few days i m ok the clouds are clearing and i m feeling more positive,joy,0
i can barely maintain long distance relationships because im too invested in feeling shitty alone,sadness,1
id feel ashamed if it wasnt so pretty,sadness,1
i may have to learn how to say their african names so that when im feeling boring and uninteresting i can slide them into conversation to impress others,sadness,1
i wasnt feeling that hot prior to vineman but with a little racin and a lot of self talk im now in a better spot mentally and physically,love,4
i always feel so flattered when another amazing blogger asks me to share a little of world on their blog so here it goes,surprise,5
i think he was feeling fond of and possessive of harry and then when harry grabbed a bit into the grabbing and then angry with himself and frustrated,love,4
i really am a hard worker and feel quite loyal to places i work,love,4
i feel like im half a person at the moment because i cant write and feel assured that what i do write will be there when i get the office program,joy,0
i didnt feel insulted though,anger,3
i am surprised no one is feeling repressed misrepresented or offended by it,sadness,1
i and fans cheering for penn state made me feel such a strong sense of belonging to the penn state family,joy,0
i just feel so discontent about my life these days,sadness,1
i did not however feel like the teachers guide was useful after about the first month,joy,0
i am feeling quite pleased with myself at this point,joy,0
i understand how unbearable it is to feel like worthless shit all of the time,sadness,1
i can not see friends and for the most part i feel like leaving my bedroom could be dangerous,anger,3
im feeling hideously guily and somewhat naughty doing this in work time,love,4
i get the feeling shes amused by all of this,joy,0
i feel that he was desperately fond of me,love,4
i really need to be at church to feel gods gentle touch in my life,love,4
i am that were feeling more energetic and healthy overall and i swear weve been sleeping better it has been hard,joy,0
i couldn t feel positive emotions of any sort,joy,0
i have an insane appreciation for simplicity and i feel so much compassionate again but still feel like i have that sarcastic sense of humor,love,4
i had it in my head as it relates to the workplace because i had just been irritable to someone a tiny bit lower in status than myself in response to someone who is higher than me making me feel momentarily pressured,fear,2
i know it feels like youre dying when youre working out but the sweet refreshed feeling afterwards is all worth it,love,4
i asked feeling smug,joy,0
im feeling a bit nostalgic about this flashback friday entry because i realise how different things are today,love,4
i spent all of wednesday feeling miserable,sadness,1
i have just got home tonight from a beautiful surprise party for a gorgeous friends birthday and can i tell you i am feeling so sentimental and awed and actually totally lost for words to really explain how i am feeling,sadness,1
i feel charming,joy,0
i feel ok lol,joy,0
i am feeling shaky all day too,fear,2
i feel that my lifes fucked up,anger,3
i feel those feelings coming back all those hateful jealous paranoid feelings that used to torture me relentlessly,anger,3
i do not feel comfortable staying in my house i feel relentless when im asked to do something tired almost all the time and bored without my own money,joy,0
i was feeling some irritation and anger feeling being insulted,anger,3
im feeling sentimental so ive decided to make a list of some of the things ill miss most,sadness,1
i don t feel a lack of respect or love in the space just harder partying than i am personally comfortable with,joy,0
i feel awkward speaking to a native now,sadness,1
im not feeling pissed off about picking up those toys,anger,3
i didn t want to feel foolish ridiculous embarrassed and self conscious,sadness,1
i could put a full thought together and didnt feel so lethargic,sadness,1
i feel like i ll never be as graceful and beautiful as i once thought i was all because i based my opinions on theirs,joy,0
i am a nameless mid s bottom law school graduate who finds himself marginally attached and awash in a sea of overeducated but underpaid indentured peers who feel and were duped by the promise of a better life through debt and modern chemistry,joy,0
i guess a lot of her is pretty high even though i can feel her hiccups and im guessing hand and arm movement low,sadness,1
i need to feel personally valued,joy,0
i feel lousy about how much i have to study,sadness,1
i refused to allow myself to feel dirty but my vulnerability allowed me to be manipulated quite a bit,sadness,1
i love those cars and i feel that my second attempt at owning one will be a pleasant one,joy,0
i feel that the most valuable quality children exhibit is their questioning and curious mind especially with regard to the why and how,joy,0
i gave them a little something out of my paypal stash and if anyone out there feels as strongly about supporting linux as i this is a cheap and easy,joy,0
i feel very blessed this year my daughter and her family will be with us and my sister from california is coming over this year too,love,4
i think the reason the discussions feel so lively is that since it is a night course the class is very diverse and large and a bunch of the students are on the older side,joy,0
i have a feeling that the smell is not going to be pleasant,joy,0
i feel like a useless bastard,sadness,1
i feel listless and completely unmotivated to do anything but i will bake some almond poppy seed bread and make a pot of chicken noodle soup in an effort to be less than useless today,sadness,1
i feel we have a wonderful thing called a minute breathing space you can stop any time in the day even when you are driving along the motorway or in the middle of an important telephone call,joy,0
i still have such a hard time writing my work down and when i do i feel its not perfect,joy,0
i feel terribly burdened to have to deal with the results of it lol,sadness,1
i feel about not having the precious moments that nursing brings,joy,0
i would feel more environmentally friendly if i sold it,joy,0
i feel like a proud new mom with all this picture taking of heidi,joy,0
i tend to avoid the news because i often feel like it doesn t add value to my life and only makes me fearful anxious and slightly paranoid,fear,2
i feel really sad that my own girlfriend cannot even open up to me or communicate with me,sadness,1
ive told friends and fellow fans i feel like weve all been partaking in a delicious feast these last seasons and now were about to get that last really fine meal,joy,0
i feel like a blank sheet,sadness,1
i feel as though i am living on an island as i put the delicious moisturiser on a sample which is lasting a very very long time used twice a day and the rest of the products are so gentle yet cleansing and moisturising,joy,0
i feel completely agitated,anger,3
im already rereading what i just wrote and feeling like im portraying my sweet girl as a brat,love,4
i can just remember that when im feeling ungrateful that would be great,sadness,1
i feel that it took a lot of guts on her part and i admired her for this,love,4
i as many others are feeling helpless that we as a world can not hold the grieving parents hands especially the mothers and grandmothers of nigeria as they desperately wait for assistance to have their girls return back home safely and let their laughter ring out through their home once again,fear,2
i feel a little intimidated,fear,2
i struggled with feelings of anger hurt and sadness yet i still felt hopeful,sadness,1
i feel fine im stepping away from my travelogue for this post because this video is worth watching and i wanted to recommend it to all my readers here on the blog,joy,0
i feel contented like i do now i feel i had to put this feeling down in words,joy,0
i do not feel that i could ever harm an innocent girl in such a way never have i imagined such dire consequences for not doing so,joy,0
i feel fearful of being near them,fear,2
i would have liked to go out but i just wasnt feeling it and i think it was partly because it would be with someone that i am not thrilled with being around right now,joy,0
i break down and it leaves me feeling bitter,anger,3
i cant help it because of the way i feel around my family like pairs of eyes boring into my back and just observing me all the time,sadness,1
i feel very giggly and upbeat even though i feel like i should probably be morose and sombre,joy,0
i feel caring concern for ron and especially for his wife who i feel very close connections with,love,4
i feel rather petty that i just dont have time to have someone talented like christine make it,anger,3
i thought it might and it makes my hair feel lovely and silky,love,4
i feel so because i feel reluctant,fear,2
i confess i feel a little apprehensive,fear,2
i got the feeling he was only halfway convinced,joy,0
im always open to suggestions so please feel free to email me,joy,0
i an expert on feeling rushed and anxious on getting worked up and frustrated because i feel overwhelmed with my job,anger,3
i feel very passionate about sharing my story of our family with you,love,4
i feel privileged and honored to be able to represent my college in such a prestigious event,joy,0
i apologise as a tank if we have a big pull and it all feels messy,sadness,1
i stopped looking for a solution to my problem and i stopped feeling like i have to be dissatisfied,anger,3
im feeling rather mellow id like to point out that there are some things that i dont understand,joy,0
i go with their flow i always feel shitty so i do what fits me best,sadness,1
i have a feeling he wont be thrilled but i think its ultimately my decision,joy,0
i feel lousy on what happen,sadness,1
i feel his loss too chakotay reassured then silently approached her and enveloped her in a hug,joy,0
i would stay in charge thereby helping z to feel safe yet at the same time be nurturing and loving,joy,0
i feel ashamed to have not read it yet,sadness,1
i remember feeling more amused than sensing that i was in any real danger however i must have been experiencing a little bit of shock,joy,0
i would feel empty,sadness,1
ive been idling away this past year i realize im feeling more and more doubtful of my path,fear,2
i feel deeply offended by some of the rhetoric and behaviour of some of the apc leaders and i cannot be expected to remain silent in the face of such expressions,anger,3
im feeling a bit scared to consider putting myself out there by posting my work on a website frequented by professional artists but i decided to suck it up be a big girl and ask for feedback,fear,2
i went back to it because i was feeling so intensely crappy,sadness,1
im sure you could tell we werent feeling too adventurous with the antipasti but i found the mozzarella with the proscuito pretty good,joy,0
i know how you feel i was physically abused as a child by a family member and was beaten by my father til he died when i was and then my older brother beat me til i moved out at,sadness,1
i do not feel disadvantaged because i believe that as long as there is humanity in the subjects there is a potential for communication and the sharing of ideas and a potential to find a common ground in language,sadness,1
i feel those memories are precious and i am so glad i have them,joy,0
i feel so blessed that i am able to leave there,joy,0
i would feel even more clever had i actually intended to do that,joy,0
i feel beaten up worked over,sadness,1
im feeling awfully irritated and worried and for a few good reasons,anger,3
i hate being so hungry and weak that i feel stubborn and dont want to do anything productive,anger,3
i feel like i havent been as compassionate toward him as i should be,love,4
i myself stood before the crowd and talk but no more recent addition to the crowd feeling a little shaky hihi training and skills needed to maintain constant the better,fear,2
i still end up feeling a bit dazed from sheer sensory overload after spending an extended time in a very crowded area but today it wasnt too bad and the good company more than made up for it,surprise,5
i wake up it hurts knowing that i could have ever possibly done anything to hurt this person to ever make him feel pain or lack of trusting,joy,0
i had just bought some stuff in guardian for contests and was feeling a bit too over the top if i grabbed indiscriminately in caring as well,love,4
im honest i had already began to feel that i liked kiss guy a lot and therefore couldnt use him like that,love,4
i feel that i want what i need and know that i just need to bleed in this fucked up world of my own,anger,3
i feel really listless right now,sadness,1
i start to feel groggy as if i have been drugged,sadness,1
i know that s wrong but i feel ugly,sadness,1
i detest feeling uncertain,fear,2
i started to feel dissatisfied by the ease and convenience of it all,anger,3
i wish it was a more comforting feeling but instead it feels strange like living the memories of someone else or maybe having woken up from a long dream or a long sleep years and finding that the trees around you have grown taller,surprise,5
when i was cycling past a parked car someone opened the door and nearly pushed me off my bike and into the traffic,fear,2
i feel like i m giving a speech after receiving an award or something but i would like to publicly thank mark for being so supportive,love,4
i feel too rushed,anger,3
i feel hated and i feel i cant do anything right,sadness,1
ive also made it with both sugar measurements but i feel like cup is just too sweet for me,joy,0
i feel much peaceful today,joy,0
i feel all respected trusted give him all i know im a good kisser nijifagilie,joy,0
i felt a bit bad about killing but it always feels like a chore that simply distracted from exploration,anger,3
i could feel was love and joy and pride when i looked at those two sweet little faces,love,4
i get the feeling that the rest of yall are a little appalled about it,anger,3
i sit here sipping my pear blueberry smoothie im feeling pretty smug,joy,0
im tired unhappy feeling listless unmotivated exhausted,sadness,1
when i saw my family after a separation of one year,joy,0
i haven t quite figured out and whenever i can t find the time or ability or money to take care of each side equally i end up feeling disappointed,sadness,1
i was feeling really awful by afternoon,sadness,1
i dont have much art online that i feel properly represents my skillz an unfortunate scenario i know,sadness,1
i cannot describe to you the feeling of frantic alarm that overtook me,fear,2
ive been feeling really shitty lately,sadness,1
i feel less than and isolated,sadness,1
i express zooms on with all its faults and foibles and entertains non stop in a rather odd manner where you are left feeling rather inadequate that something is not fully right that something better could have been done with a little bit of application a little bit of better storytelling,sadness,1
i love to add just a little milk and when i m feeling especially naughty a splash of caramel and vanilla syrup but shhh,love,4
i feel is only acceptable when that violence could lessen much more violence this could also apply to what i am discussing below i,joy,0
i was feeling pretty confused about my future career goals however after seeing how creatively stimulating and fulfilling teaching can be i now feel more confident in pursuing a career in education,fear,2
im feeling a little apprehensive about it because i feel like im suddenly way too old compared to my mental age of about,fear,2
i have been on a roller coaster of emotions over these supposed feelings that something unpleasant was coming,sadness,1
i miss the feeling of loving,love,4
i feel about cool newbie leave a note,joy,0
ive always been very nervous to do something like that as i feel like i am not really that talented to enter something into an official contest,joy,0
i finally feel sure enough in myself to hold my words where they should be,joy,0
i am feeling really weepy today i am sure i will feel better tomorrow xxx,sadness,1
i have been feeling overwhelmed and time poor,surprise,5
im feeling afraid,fear,2
i feel grumpy i m going to dig out my xl mens pajama s grab a bar of chocolate put my favorite chick flick in the dvd player and treat myself not like a failure of some kind but like a person who is feeling grumpy who maybe just needs some time to herself,anger,3
i am starting to feel a bit disheartened with my progress on my physical tbr there are still boxes of books next to my bed and they are not going away as fast as i want them to,sadness,1
i feel excited to be serving on a team of committed individuals who are dedicated to youth development and environmental education,joy,0
i do feel picoult is a talented writer the subject matter put me in a state of depression,joy,0
i really feel about affiliate marketing add to delicious a href http www,joy,0
i actually like having things clean but i like to have them messy first so i feel rebellious,anger,3
i start to feel more and more frantic and rushed trying to provide excellent care for my patients and then high tail it home,fear,2
ive been holding onto that are making me feel rotten,sadness,1
i have immense sympathy with the general point but as a possible proto writer trying to find time to write in the corners of life and with no sign of an agent let alone a publishing contract this feels a little precious,joy,0
i spend countless hours on the computer and feel that processing the image is as important as the initial taking of the photograph,joy,0
im getting the feeling that my classes are a little intimidated by the concept of a lit,fear,2
im feeling very bitter against knight in shining denim because i asked him a year ago to go to the gym with me and he wouldnt spend the money,anger,3
i have said in previous posts i always feel so elegant wearing an azul creation,joy,0
i want to keep feeling strong yet i cant neglect that feeling inside me a feeling of betrayal somehow,joy,0
i lie in bed or is it a coffin it feels more like a coffin not altogether unpleasant just very still i push my legs together and cross my hands i try not to cry i sink downwards hoping for a prick a poke a tube of fluid a needle of,sadness,1
i start to feel my muscles aching and break out in cold sweat,sadness,1
im back to feeling fine running,joy,0
i really feel devastated seeing him witness these things around him,sadness,1
i always feel like the life s been drained from me and that i ve been injected with some kind of venom,sadness,1
i can feel pretty,joy,0
i was feeling quite groggy in the days before the race the glands in my neck were sore and swollen and i could tell my body was fighting a bug of some kind,sadness,1
im feeling emotionally vulnerable right now and just want to throw up in peace so i can go back up and party hard,fear,2
i was feeling a bit rushed and the kitchen has just been cleaned so i mixed up in the blender which i find works just as well provided your butter is really cold and you dont over do the pulse,anger,3
i think about how great everyone elses life is i feel that much more crappy about mine,sadness,1
i dont know if he ever cheated on me but it does looked like it cause he has known her for years and i appear in his life around that time and it makes me feel mad,anger,3
i have struggled to fit all the work in for this module and have felt frustrated at times feeling that my blogs were rushed and although i have read with great interested fellow students blogs i feel i havent interacted as much as i could have done this is a definite area for development,anger,3
i struggling to find a common ground with not feeling deprived managing my stress and activity and living a healthy lifestyle,sadness,1
i was driving i feel so contented after sadhana so fulfilled,joy,0
i had moved to my own little flat in london and i was struggling to look after myself which made me feel really useless,sadness,1
i feel like my good friend narcissism might have something to do with that well that and a spoonful of boredom,joy,0
i feel i should be at and the pay is too low to maintain life in the city,sadness,1
i was just feeling a little bit creative,joy,0
i was young but i cant get that feeling back shes got a killers grin on and maybe im just too jaded now and i wont leave ill try and pretend cause weve got nothing to lose but time so here we go again,sadness,1
i feel like we rushed through this weekend,anger,3
i have done so in hopes of being inspiring while at the same time looking for solace from people rather than god and for proof that maybe i can do something good while i feel so horrible,sadness,1
i really hate this feeling when you really give so much damn about someone but really all that person show you is just simply like they cant be bothered with you,anger,3
i was feeling too agitated to read and it was too hot out to walk,anger,3
i have begun to feel really burdened for the women in our slums particularly my mamas in kina,sadness,1
i sometimes feel nostalgic happy restless angry all at the same time,love,4
i feel completely lost,sadness,1
i realised how sick i was of working and feeling and being alone,sadness,1
i have lately been feeling very productive with my time at home and happy with my life in general and happy with my children and my husband,joy,0
i feel passionate about and dating is,love,4
i would also change the floor to a more pleasant feeling and dog friendly flooring,joy,0
i am feeling fine all things considered,joy,0
i over think you think i really feel insecure,fear,2
i feel so honored that students come to my classes,joy,0
i am regularly in a rush and feel irritated and i dont take the time to communicate my needs or my feelings,anger,3
i tend to think that it kinda contributed to my medium intelligence and made me understand and feel things in a clever and sensible way in the visual arts field especially but i m always feeling that i m losing that more and more,joy,0
i feel troubled i guess would be the best word for it,sadness,1
ive been coursing through cycles of happiness to a feeling of being mellow to a feeling of being really depressed to being mellow again and then back to the beginning,joy,0
i cried walking home from a bar feeling as though i was completely ruining the carefree mood or later in the night back at my old apartment to my best friend everything seemed to come crashing down after having fun,joy,0
i like to add a slice of cheese and some pepper to the egg and when i am feeling naughty i like to add some chocolate chips to my trail mix another treat i am loving as a pregnant mom who often craves a sweet but doesn t want to overload on sugar or empty calories is zico coconut water in chocolate,love,4
i feel like handing the kids over and saying here you think theyre so cute,joy,0
i feel so proud for scheduling the time to take care of myself,joy,0
i feel smart though,joy,0
i feel very apprehensive,fear,2
i feel is a valuable reason was the alone time that debra and i had driving to woodston camp kansas assemblies of god family camp,joy,0
i feel about them i still end up nervous and have those naughty butterflies flying around my stomach,fear,2
i feel i did some thing impolite katanya,anger,3
i do for a living and lately more often than not both me and my wife who s also an ubuntu user have been feeling a bit uncertain about linux being the platform where we want to keep working,fear,2
i feel like i captured all his sweet looks,joy,0
i feel myself caring and wondering more than them,love,4
i felt overly hopeful last week and now i feel like i am more resigned to waiting the next week or potentially longer,sadness,1
im feeling really annoyed today,anger,3
i just do not feel uptight at all,fear,2
i feel scared to use headphones,fear,2
i feel like i get my money s worth because i m getting a delicious artisan cocktail in return,joy,0
i had a hard time focusing on my life and walked around feeling dazed and confused,surprise,5
i feel unwelcome at work sometimes and think people might be talking about me,sadness,1
i didnt tell you because i didnt want you to feel afraid,fear,2
i feel like a lot of teenagers including myself feel like this around their parents but with colby it s amplified because she knows how important her dad s job is and she feels like she can t protest how much time he spends doing it,joy,0
i feel so invigorated and refreshed afterwards,joy,0
i am feeling pressured and backed into a corner,fear,2
i like frappes and shit when im feeling naughty but i drink tea daily,love,4
i feel listless i cant do anything of it,sadness,1
i only feel curious impatient eager and confused,surprise,5
i am feeling quite disheartened,sadness,1
i didnt really feel sympathetic for him they way i did for the other nominees,love,4
i just feel insecure so what should i do sis,fear,2
i feeling shy,fear,2
i feel quite devastated when i have to rush away sometimes,sadness,1
i bought a pretty dress and a pair of pretty sandals and am looking forward to feeling pretty,joy,0
i would experience this a number of times later in life but this was my first experience with an icky racism that prevails in all cultures and skin colors around the world it made me feel dirty,sadness,1
i feel lethargic slogging through work outs and finishing each evening with popcorn and a glass of pinot gris,sadness,1
i feel as if work that doesnt have a sort of depth to it isnt nearly as successful as work that is created with a meaning and leaves the viewer wanting to know more about the subject that the artist presented,joy,0
i am and i feel respected and safe with them,joy,0
i feel as one with the trail without being totally punished by it,sadness,1
i feel even more bothered because here i am being bothered by this when the boy probably isn t even thinking about this,anger,3
i love kitties and i kind of feel like spiders are underrated and over hated,sadness,1
i feel that way considering most people are pretending to be the way they are and very very few are being sincere,joy,0
i am restless i feel lethargic and rudderless,sadness,1
i lived her life without the feeling of acceptance she felt as though trouble and misery followed her everywhere she went and that everyone hated her because of it,anger,3
i make him feel unloved and unwanted,sadness,1
i do not write in search of praise or recognition but it is an amazing feeling to be read and admired,joy,0
i feel like i liked it but at the same time i feel let down,love,4
i feel like hes so smart so i can converse many things with him share everything that i wanna share and ask his opinion about whatever,joy,0
when i was subjected to a very nasty joke by a group of friends,anger,3
i could look for solutions instead of just feeling helpless actually made a big difference,fear,2
i feel sorry to hear your story,sadness,1
i feel most passionate and artistic and settled into my craft,joy,0
i feel foolish and desperate almost for feeling so strongly about this,sadness,1
i don t have a gigantic fabric stash so each piece feels very precious to me,joy,0
i still feel groggy but i have to get up to do the routine for my son,sadness,1
i guess you cant see how wed feel a bit unwelcome,sadness,1
i feel pity for gatsby because the longing he feels for the past is so evident,love,4
i know myself and see how entrenchedly selfish i can be to feel accepted at the same time is a deeply moving experience and is at the heart of pureland buddhism,joy,0
i refuse to feel guilty,sadness,1
i feel troubled i guess would be the best word for it,sadness,1
i think i agree but it does give me an extra measure of humility when i feel really stupid,sadness,1
i feel like a paranoid stalker or something,fear,2
i know it shouldn t feel unsuccessful but the only way to come back and make that be the right decision would be to come back and win a super bowl,sadness,1
i have to admit that i was beginning to feel pretty smug,joy,0
i feel pathetic and i want to push myself but the idea of chicken mince wheat free pasta rice spelt bread and fruit sorbet is quite scary,sadness,1
when a boy tried to fool me so he would be ok trying to show me that he is a gook boy,anger,3
i feel subaru stops being that innocent being we were presented to in the beginning and begins to turn into the depressed young man of x who also kicks ass,joy,0
i thought it was nice so i left feeling pretty satisfied with the cafe,joy,0
i would have liked to go out but i just wasnt feeling it and i think it was partly because it would be with someone that i am not thrilled with being around right now,joy,0
i feel like we all have somehow convinced ourselves that these really pointless events somehow mean everything to us,joy,0
i don t doubt that i m right in this case because i feel that you are a faithful gamer,love,4
i think i still feel numb,sadness,1
im feeling pathetic i cant take rejection why wont you call me,sadness,1
i feel like each kid left school this year with at least three pieces they were really proud of,joy,0
i climbed the hill feeling frustrated that id pretty much paced entirely wrong for this course and that a factor that has never ever hampered me had made such a dent in the day,anger,3
i feel such an attachment to cindy her sweet family and atticus,joy,0
i must say though i have been feeling pretty violent,anger,3
i am feeling called to show up in a more faithful way,love,4
i kinda feel like being rebellious a libertine you know,anger,3
i feel vulnerable as i did very much yesterday i cant say i felt a strong sense of self worth but maybe according to brown i could get better at accepting those vulnerable imperfect aspects of myself,fear,2
i feel so unwelcome its sickening,sadness,1
i am feeling fearful or upset about any situation in my life i have only to notice my reminder sitting right before me and i begin repeating this affirmation over and over again,fear,2
i just have this awful feeling that im going to do something really idiotic like decide to make my simple quick to make mini tote a more tricky project by deciding to use two pieces which need to be stitched together,sadness,1
i will gladly endure a million emotional blowouts and tantrums for the privilege of feeling her tender hands in mine,love,4
i feel uptight is it any wonder i dont know whats right,fear,2
i have the feeling in my mind that a person gets when they have resolved something and they can be at ease,joy,0
i hate being selfish but i gotta admit i feel so depressed about it,sadness,1
i was catapulted back into feeling more terrified of people than i had been in awhile,fear,2
i think she had more fun than she thought she would have granted we do feel like we are suffering a bit with the food and detoxing but at the same time we feel like we are finally making serious changes to be healthy and that alone is a really awesome feeling,sadness,1
i stopped feeling mad that the machine stole my money and chose instead to feel grateful that i have clothes to wash in the first place,anger,3
i am wondering if i am feeling brave enough to make them for gifts,joy,0
ive been on a bike and this bike it feels kind of strange,fear,2
i feel sad and discouraged,sadness,1
i woke up with a pounding headache and sore throat and so on top of the fatigue and nausea i feel utterly miserable,sadness,1
i am feeling generous and seasonal,joy,0
i am letting go of the animosity that is towards anyone that i feel has wronged me,anger,3
i feel ive been loyal,love,4
i feel a little inadequate but i just cant seem to keep up,sadness,1
i have a feeling they were delicious,joy,0
i do feel resentful towards other bloggers writing for and against i don t even qualify to feel offence since delhi girls are obviously punjabi,anger,3
i am feeling only slightly lethargic and overwhelmed by my new surroundings,sadness,1
i feel like if i had a job worth caring about i wouldn t be so shifty,love,4
i sometimes feel i am being stubborn not out of spite but rather in spite of myself,anger,3
i feel like they ve just kind of coasted but they ve gotten even more popular,joy,0
im usually so strong but she has this ability to make me feel like a naughty child that doesnt know what shes talking about,love,4
i got a feeling however are still popular songs,joy,0
i feel somewhat surprised when reading george hobica s discussion on usa today,surprise,5
i really did feel fantastic after writing out that list and i still do every time i read it,joy,0
i then ran away leaving me there to feel so hopeless,sadness,1
i feel so neglectful of my new followers but all i care about is that it s cat stevens b day,sadness,1
i remember feeling excited about that particular day because i considered myself a grown up and woop,joy,0
i feel is a near flawless film,joy,0
i used to feel sorry for some people who felt the need to pretend,sadness,1
i feel a little dull,sadness,1
i think its kind of taken us this long to build up a good inventory of sauces oils spices and other non perishables to feel like we have a chance at making something delicious without having to specifically go out and buy every single item in a recipe,joy,0
i miss the feeling of loving,love,4
i was out shopping with a friend the other day and she asked how i was feeling about the book coming out and i said i was terrified and she asked why,fear,2
i feel her pain and i let her know and i want anyone else suffering with depression to know that you are not alone,sadness,1
i am sure everyone of us felt that feeling at least once while some of us might get agitated easily,anger,3
i am feeling completely useless lately,sadness,1
i write these words i feel sweet baby kicks from within and my memory is refreshed i would do anything for this boy,joy,0
i feel deeply remorseful and regretful,sadness,1
i was using it to vent out ugly feelings and be vicious and nasty rather then deal with them like an adult,anger,3
i feel like i am being held firmly in loving arms surrounded by a wide circle of people who are not going to let me fall,love,4
i sometimes feel is a gentle reminder of why we are adopting,love,4
i may be feeling more generous than normal but i really think a lot of teams did well in drafting good players at good spots and filling needs,joy,0
i feel humiliated the annoying little college student who takes on causes and pesters everyone about them,sadness,1
i feel so inspired by her motivation and passion that i wanted to share it here with you a href http,joy,0
i feel lethargic instead which is almost worse,sadness,1
i wasnt feeling well yesterday and today has been randomly busy,joy,0
i would feel terrified for them and enjoy this movie a little better,fear,2
i did not enjoy the feeling of the naughty kid who knew better,love,4
i feel for the people who dont see its worth or are too afraid to discover it,fear,2
i didnt even realise just how out of control i have been feeling lately until i had a week of calm to gain some much needed perspective,joy,0
i continue without alva and noe but tell her that ill be out on the course as long as she is and after awhile i try running and even that feels ok,joy,0
i see that i have pageviews and im just guessing that of them are actually me so i feel reaaallyyyy popular and that was total sarcasm,joy,0
i wish i knew how he was really feeling aside from reading the nervous twitches,fear,2
i feel so blessed to know that i have such an immense family of supporters whom continue to comfort me,love,4
im not feeling too keen on that,joy,0
i feel like i should go for a run to expend all this idiotic energy but iv decided to do some homework now instead and store the energy for a social event im going to this evening,sadness,1
i am feeling more in control more comfortable adjusting to all terrain and more able to push myself each run,joy,0
i feel disappointed for so dont say sorry dont say baby,sadness,1
i got a feeling give it up i got a feeling get away becuz i m cuz i m dangerous oh i m a badman ah,anger,3
i will never feel heartbroken again,sadness,1
i feel just gorgeous wearing it,joy,0
i would like a lazy immersed in my boring feeling i like the friends have a pleasant talk together and boring,joy,0
im used to feeling empty that i dont know what happiness feels like,sadness,1
i know that when i am feeling distraught or moody i can depend on you two to put a smile back on my face,fear,2
i feel guilty sitting down during this concert because he s working so hard,sadness,1
ive grown as a mother and treasure my role in this family now whereas i used to second guess myself a lot and feel very unsure of my maternal skills,fear,2
i always feel so flattered when another amazing blogger asks me to share a little of world on their blog so here it goes,surprise,5
i feel like a soda in a can shaken turbulently and flew violently out of its container the moment it felt air exchanging its freedom to you,fear,2
i am allowing myself to feel these things and not be bothered,anger,3
i never want to diminish the pain ocd has placed on peoples shoulders and so i speak only for myself when i say there is and has been worse to go through than the burden i feel i think to watch my children starve suffer or be tortured would be much worse,fear,2
i climbed a mountain and made my way to a village where the people stared at me the children looked frightened and ran away and everyone i came across asked me why i was there in such a way as to make me feel unwelcome,sadness,1
i felt i completely belonged and i didn t feel shy and frightened any more,fear,2
i never knew i could feel so valued valued beyond what i ever thought possible,joy,0
i feel sort of dazed and cross eyed,surprise,5
i feel like i am really valuable to him,joy,0
i was around and feeling fearless and excited,joy,0
id like to write something interesting right now but unfortunately i feel deprived of inspiration,sadness,1
i had been feeling scared about being an ra because there is a lot of work that goes into that job,fear,2
i feel horrible now as a result,sadness,1
i got lots o crazy shit going on but i am loved and feel hopeful about the future,joy,0
i am waiting for a feeling that special feeling that makes life easy and bearable,joy,0
im feeling abit grouchy with kim,anger,3
i sometimes feel so overwhelmed by the hats that i wear and trying to figure out who the real emily is,fear,2
i feel hated i feel angry i feel very sad i feel like im going to be abandoned i feel angry because i abandoned someone but in reality no one at this age can expect that neither party will be abandoned,anger,3
i just wish okay so i was thinking about it earlier today and heres the thing being all cooped up amp restless has made me feel so needy,sadness,1
i should instead develop warm and friendly feelings towards everyone i meet thereby allowing my mind to develop virtuous attitudes,joy,0
i am feeling the positive impact of the new meditative tools pam is giving me as well more strongly and clearly,joy,0
i feel that the thighs are being stubborn and not going away at the same rate as stomach arms or butt,anger,3
i must not be left to feel foolish lost unhappy and with distaste,sadness,1
i feel melancholy about the past as my parents have passed and i never really told them how thankful i am,sadness,1
i feel very much the tragic side of life but my endings are always happy somehow,sadness,1
i cant talk to anyone about how i feel because i feel like im just a burden to them and with all of their problems they dont need to be dealing with mine as well,joy,0
i sat on a windy beach feeling thoroughly annoyed i vowed id be back and i would climb scafell,anger,3
ive never in my life had anyone make me feel as unimportant as insignificant as you did,sadness,1
i wasnt feeling particularly bitter on my birthday in fact i had a fantastic day,anger,3
i do when i m feeling a bit weird to reground myself,surprise,5
i must have been unable to contain my expression as she immediately offered a string of reasons why she only had words ranging from inadequate computer to no computer to difficulty in using said computer s to feeling inhibited in writing too much on a computer for fear of losing it and so on,sadness,1
i can t believe all the newborns that i ve photographed with heads full of dark hair but i am feeling just a little envious because my babies are bald and blonde as they come,anger,3
i feel like it my beloved burkie who i miss more than words can ever say,joy,0
i am feeling lousy right now,sadness,1
i feel like an explorer in my own life radiant woman photography a href http lightsync,joy,0
i feel fairly sure readers will continue to pay for fiction,joy,0
i am feeling overwhelmed by god s grace,fear,2
first anatomy lesson,anger,3
i feel its gonna start aching again when the rainy season comes again next year,sadness,1
i started feeling shaky hungry,fear,2
ive been feeling myself with a fake sense of purpose,sadness,1
i feel kind of sorry for her,sadness,1
i am a recovering umlungu addicted to feeling superior,joy,0
i always feel the need to break awkward silences which makes it even more awkward,sadness,1
i think im just being stupid feeling nervous,fear,2
i feel groggy and disoriented,sadness,1
i won t argue with those who are disabled about how the mda telethon makes them feel i wouldn t take away from them the want to be respected,joy,0
i feel somewhat hopeless and pitiful,sadness,1
i feel pressured by a dumb feeling,fear,2
i feel the character im doing is a little more beaten down and the comedy is a little bit smaller,sadness,1
i am feeling a little groggy this morning not to mention a headache,sadness,1
i feel like they are dirty all,sadness,1
i feel very reluctant to blog during my free period even when my hp is plugged to my laptop for charging making it easy to upload photos online,fear,2
i didnt know when i feel boring but though im happy i made a new blog linked happywarmworld,sadness,1
i feel defeated like a lion s prey,sadness,1
i recently learned that there is a very slight difference between empathetic and sympathetic in definition empathetic being able to actually feel the emotion and sympathetic being the ability to understand the emotion and i realized that there is also a fine line between the two in writing,love,4
i feel lethargic and unmotivated in the mornings to wake up and blog or catch up on other things that i could do in the mornings so i can have my evenings free,sadness,1
i make my intentions known here i feel rotten if i dont go,sadness,1
i feel like im presenting myself in a less hostile manner now when i am dragged to an event or gathering full of stupid fake people,anger,3
i want to not feel angry because i haven t the right to feel that way,anger,3
i know i should feel dismayed or at least sheepish that one of my friends basically believes i have an eating disorder but actually my emotional response to his statement was one of genuine surprise and pleasure that someone had noticed and remembered something about me,sadness,1
im beginning to feel my way around the systems and im very impressed with the overall level of automation and control that goes into making memset what it is,surprise,5
i feel like an emotional train wreck,sadness,1
i get the feeling that if the tabloids either ignored her or somehow painted her as a hero or comedic genius shed be totally happy even if the women in the house were upset,sadness,1
i went from feeling supportive kind and compassionate towards this person to wanting to lash out at them i can t though she blocked me clearly she has more experience at this than i do,love,4
i have been feeling so overwhelmed lately,fear,2
i love running because i feel strong and powerful and totally in control,joy,0
i love the feeling of running in the cold when you can see your breath and cold air seems to refresh you from the inside out,anger,3
i am learning to step back and call it out to not be too proud to admit that yes i am feeling annoyed and yes i should tell you why,anger,3
i won t argue with those who are disabled about how the mda telethon makes them feel i wouldn t take away from them the want to be respected,joy,0
i not seeing and feeling the divine,joy,0
i went to was to see jreyez back in may just havent been feeling like going out but jenny convinced me to go this time amp after some persuasion i decided to go lol,joy,0
i feel paranoid but atleast now i get some comfort with dd she is the only person that i can talk to and not feel lie total crap around she is the nicest kindest most caring person i have ever met and i dont think that i will ever find anyone as great as her in my life,fear,2
i want to take a shower without feeling like i was beaten with a baseball bat,sadness,1
i can feel something inside me something delicate and peaceful unfurling inside my chest,love,4
i wanted to make sure i didnt feel rushed getting to century college on friday afternoon,anger,3
im feeling very uncomfortable which isnt helping im sure,fear,2
i hardly feel they have any wow factor at all until i saw how stunned liv was at the entire concept,surprise,5
i hate feeling like im not strong,joy,0
im feeling fabulous on friday and friends i would love for you to share with me,joy,0
i feel clearer more joyful and alive,joy,0
when i saw all the starving people in ethiopia on tv it felt awful to see such suffering,anger,3
ive been feeling far from perfect in the area of motherhood,joy,0
i started feeling hopeless in regards to my health,sadness,1
i truly feel i am irate,anger,3
i feel a lot of shame in not having many romantic relationships in the past,love,4
i would ideally like to be able to come to terms with it at one point and have acim happily integrated with all the abraham processes just so i can feel resolved,joy,0
i fought i could feel myself trusting this man who was so patient and had a cool confidence more and more,joy,0
i began to feel sympathetic for khezef but i wasn t sure if i was right about him,love,4
i did this all a href http feeling groggy,sadness,1
i smile people smile back and tell me they feel a little cheered up seeing me being jolly in the morning,joy,0
i cant quite put my finger on it yet the reason why i feel so listless,sadness,1
i feel like i was convinced to spend the night alone it was not my choice i was wrongfully lead astray,joy,0
i often feel so distressed and freaked out whenever my child gets sick,fear,2
i also feel regretful at the sense of elation i felt after offing them,sadness,1
i would feel so pissed off,anger,3
i kiss your lips i feel sweet,love,4
i feel to have the honor to be this precious little girls mother,joy,0
i am grateful to have a strong support system both internally and externally that i can rely on when i am feeling uncertain and weak,fear,2
i feel devastated disgusted and betrayed,sadness,1
i feel like an ass saying that since my sweet sister has gone through quite possibly the worst year of her life at the same time,joy,0
i feel like staying in a barn so carefree,joy,0
i also wear them when im wearing a dress that makes me feel slutty feels like those antique underwears but obviously a little bit more edgy or maybe a little bit more than a little bit,love,4
i set my mind to wanting a specific item needing it for a specific event or at a specific time i find ill end up spending more than i want to because i feel pressured by constraints,fear,2
i need to get back to work rewriting an introduction i feel woeful inadequate in writing ill make this short,sadness,1
i drove back to the beach staring at the thing on the seat beside me feeling very depressed,sadness,1
i will definitely write more about the transition as i go through it but right now i am feeling quite positive,joy,0
i spent so much of this year waiting for these summer moments and it feels like i ve resigned summer to a certain extent just waiting to get on with life and start a new chapter in st paul,sadness,1
i also feel less inhibited about interacting with them,sadness,1
i feel is most dangerous is people dismissing these disconnects and not considering them trials equal to the physical hardships of the revered pioneers,anger,3
i feel a peaceful calm come over me,joy,0
i must have been feeling rich,joy,0
i feel alone all the time and he just happened to be there,sadness,1
i feel that the out of people that i encounter in the day that are rude and mean to me for no reason at all,anger,3
i have a feeling that i should post some sort of content on here for you blog hoppers to possibly comment about,joy,0
i feel whiney at the moment,sadness,1
i feel deer supporting mice parade at the hope rel bookmark permalink,joy,0
i feel convinced that i am an annoyance to them,joy,0
i feel invigorated even though it is caffeine free,joy,0
i feel its image has certainly been damaged by all of this,sadness,1
i feel honored to have that kind of support,joy,0
i feel like an emotional train wreck,sadness,1
i attempted to call my mom to talk to her but she answered the phone with suck fake regard for my feelings she had her jolly voice on and i just told her nevermind and she said okay i have a couple guests walking through the door so i have to go and feed them some pie,joy,0
i feel homesick and it doesn,sadness,1
i feel vulnerable and alone,fear,2
i have spent more than what i expected when i went to the us last summer so i feel burdened that i have to work to lessen the financial burden of my parents,sadness,1
i upload music i others like feel liked song,love,4
i have been feeling overwhelmed and time poor,surprise,5
i might i could not stress to her how important it is to me not to expose my friends to a situation where they may have cause to feel unwelcome or uncomfortable,sadness,1
i feel like that nurse reluctant to know where to start but optimistic that we can do one thing to help,fear,2
i wont be so sure to feel optimistic about this either,joy,0
i didnt expected to be that much addicted to the nicotine before ive experienced all withdrawal symptoms feeling irritable and so stressed going mad with cravings inability to concentrate dry mouth trouble sleeping i wake up every night at a,anger,3
i was feeling pretty confused about my future career goals however after seeing how creatively stimulating and fulfilling teaching can be i now feel more confident in pursuing a career in education,fear,2
i don t like it when i hmmm feel devastated then i try to be driven towards things that are potentially more devastating just so i can forget about that thing that has devastated me first,sadness,1
i must not be left to feel foolish lost unhappy and with distaste,sadness,1
i feel that i was innocent i did not want to hurt anyone,joy,0
i was feeling paranoid as fuck thinking people would be out looking for me,fear,2
i rarely consider the garments i m going to put on every day for the reason that i feel self assured that no matter what i put on my body could make these clothes look excellent,joy,0
i shared previously the tv program and another minor disagreement before bed left me feeling rejected and lonely,sadness,1
i feel ludicrous even thinking these things,surprise,5
im feeling regretful tonight too,sadness,1
i cannot deny that right now i am feeling disillusioned with the avon,sadness,1
i have no idea how i feel beyond wanting to be with my beloved,love,4
i feel this energy of the divine flame,joy,0
i arrived at the gym she was such a ball of sunshine and made me feel very welcomed at the gym although i felt like a dorky unfit rotund sloth that did not fit in with the environment of buffed fit looking and fierce looking bloke,joy,0
i needed a plan on how to get rid of that feeling it was totally taking over everything i am totally distracted at work with everything i m trying to do in any free time i have in the evenings the projects are taking over my life and the fact that i totally feel burnt out by it all,anger,3
i feel curious about this one i think i might fall in love by uncle montagues tales of terror,surprise,5
i could also feel very bad about myself for not being able to keep up,sadness,1
i am still feeling pretty lousy from this allergy induced stupor so last night i just was not really feeling wildstar and interacting with other human beings,sadness,1
my girlfriend sent me a letter with a shiny picture in it,joy,0
during the weekend at home,anger,3
im happy with my race pace officially and my ability to pull it together when i started feeling crappy,sadness,1
i feel when that imperfection is shamed coerced or mocked,sadness,1
i lay here still awake i find myself feeling unhappy,sadness,1
i taught him what it can look like and how it could make him feel scared confused excited nervous,fear,2
i feel a bit less burdened with things hanging over my head,sadness,1
i feel eager to tell my parents,joy,0
i feeling rejected but i became a laughing stock among my peers,sadness,1
ive been feeling rather defeated and stressed out but this appointment reminded me that though i may be failing in other areas im doing a pretty dang good job at growing this baby,sadness,1
i would have taken more but something feels weird about going to a foreign country and taking pictures of places and things that most of the people probably consider commonplace,fear,2
i feel we are getting into dangerous territory when we simply ignore the parts of the constitution we don t want to follow or create extra constitutional bureaucracies,anger,3
i feel like i am really grouchy and some days i get in moods where i feel like it is me against the world,anger,3
i don t like to feel embarrassed when my kids watch it,sadness,1
i feel so dirty in you i crash cars br style background color white color font family georgia times new roman times serif font size px line height,sadness,1
i feel more disgusted with the woman who s undoubtedly banking off this incident the one who handed the pictures off to political pundits who she has to have known would use them in not nice ways,anger,3
i had a feeling you werent very fond of her,love,4
i feel if i say anything it just makes me look petty,anger,3
i love the midcentury design and the vintage feel i think this is going to be perfect when paired with their current dresser which right now is white but may be red after i get my hands on it,joy,0
im days post op and i am feeling fantastic,joy,0
i would spend hours prepping for the meeting with my supervisor and feeling convinced that i ve nailed it,joy,0
i feel dirty rel bookmark i feel dirty i feel gross poaching vicarious threads from agtalk but i can t resist,sadness,1
ill think i thought it was its just that theres so much mess on a daily basis that its starting to feel less like a bit of charming untidiness and more like an episode of hoarders,joy,0
i came across the exchange point feeling strong,joy,0
i can still remember what it was like to be a teenager and that giddy feeling of amazement when the hot looking boy you like although we didn t use the term hot back then actually likes you back,love,4
i dont write because i feel i have superior will power that has enabled me to abstain throughout the years,joy,0
i felt good before the race but once i started to run i guess i was feeling the effects of the cold and congestion i didnt really realize i still had,anger,3
i feel you know basically like a fake in the realm of science fiction,sadness,1
i feel like a babysitter of year olds who act like naughty year olds,love,4
i feel less pressured to check on my phone and i gain better space to concentrate on what is more important in life,fear,2
i am feeling so blessed so happy,joy,0
im feeling stupid,sadness,1
im very much the opposite of it my cool is based on drinking and socializing without rememberiing meeting and trying to know people just to feel accepted for the first time in my life,love,4
i get more upset when bruce is a little more tired from work than usual i feel a little rejected,sadness,1
i am feeling very lethargic although still trying to get to the gym today but almost all my time seems to be now in a strange chilled out ambience,sadness,1
im feeling much more optimistic than i was just before coming here or en route here,joy,0
i was catapulted back into feeling more terrified of people than i had been in awhile,fear,2
i feel like a failure of a parent which add that to the emotional rollercoaster of having to have an unplanned c section and well some days i feel like i have just failed from the beginning,sadness,1
i would still feel weird,fear,2
ive had a rather average career because i decided to work less to earn less no rolex anywhere to be seen but have managed to write and even publish some of the short story collections and novels i have in my mind and on my drafts today i will feel successful,joy,0
i was feeling quite nervous,fear,2
i said sir i feel from real time company experience that mba would be more valuable for my career than gate since most work now a days in it companies now is support based,joy,0
i feel hated loathed,sadness,1
im not feeling outgoing and am in no mood to put the game face on and smooch,joy,0
i feel disgusted that any criminal justice system in the st century could know the full details of it all and deny it to be named as abusive,anger,3
i ever used along with loreal max factor and collection so whenever i see either one of these names i instantly feel that sweet nostalgic feeling as if im discovering make up for the first time again,love,4
i will never forget that walk out of the doctor s office that afternoon feeling so determined not take for granted my health again,joy,0
i has for this other woman she feels greedy and wants kairi all for herself,anger,3
i feel that spitting on somebody is the most vicious kind of disrespect that you can do he said,anger,3
i feel all mellow right now but i dont think i have anything on my mind worth writing about,joy,0
i feel more clever,joy,0
i always feel intimidated by other people especially when they always compare me to other people ever since i was young,fear,2
i feel like garbage i cant think about being thankful right now it hurts too badly,joy,0
i resent people shaming me and telling me how to feel a more productive alternative give me the facts and let me think for myself,joy,0
i do not need to shower a child with gifts to feel like i am caring,love,4
i it did not feel sincere,joy,0
im happy to report that i didnt feel that angered urge to smack olivia today the way ive felt it before,anger,3
i have been feeling is any indication on this childs personality then i am petrified,fear,2
i feel hopeful and excited that this will only get better and more fun as we go,joy,0
i was feeling quite impatient and must have hit the ad because thats when my internet died and vista virus pro started to bother me,anger,3
i feel to be the most popular right now,joy,0
i feel like im doomed to forever be the girl that everyone sleeps with but that no one can love,sadness,1
i consistently ask myself especially when i am feeling low or having doubts about my future,sadness,1
im gradually feeling a little irritated with how pacified all these people can be at present until i wish to just disappear and let them coordinate their own nonsense sometimes,anger,3
i feel less intimidated with her here to help,fear,2
i could have just kept going but i could tell that she was feeling really defeated and needed a friend,sadness,1
i don t know what to do about it or how to do it almost feeling angry within myself that i can t do something tangible and pragmatic to help my sisters,anger,3
i only have to think about a high school experience and i instantly feel like that shy confused and terrorised teenager again,fear,2
i was sleep was vey irritable and feeling paranoid because i work the oncology dpt of a hospital and feeling paranoiud cancer and through chemo,fear,2
i wasnt mad at him i was mad at j for making me feel unimportant,sadness,1
i feel you are very charming but do the other people feel very terrible,joy,0
i have gained lbs back and i feel terrible about it,sadness,1
ive learned an important thing i binge eat to cope with what i cannot control feelings and emotional reactions to situations outside of my control,sadness,1
im also feeling gracious and i want to bless you with a few more old tried and true family recipes,love,4
i feel like my brain is going to expload and its going to be messy and painful,sadness,1
i feeling strange energies,surprise,5
i dont think thats what ill do because i feel its just really awkward,sadness,1
i felt fine when we got there but after a short while i started feeling really funny,surprise,5
i feel like that little boy with no sense of value perpetually doomed to keep breaking all that is valuable in life,sadness,1
i feel that it is important to write about what happened to heal and i am sure there are many out there who need to see how someone deals with it all to find the strength to heal as well,joy,0
i feel cranky and annoyed when i dont,anger,3
i was feeling awful friends before i left for my dads,sadness,1
im feeling generous lately spirit of after christmas maybe,joy,0
i woke up feeling ok but i had a weird feeling about the run today,joy,0
i continued on my way despite feeling a bit strange with my flexy new shoes and sweat soaked back,fear,2
i think you said beautiful things to them and i think you meant them you loved being with them i think you made them feel terrific,joy,0
i break down a few times feeling like a lousy mom,sadness,1
im feeling festive and i dont think i posted a good picture of our tree,joy,0
i feel that these children will become violent and mentally unsafe as they get older because they are constantly in a dangerous environment,anger,3
i was going to be loved made me feel a woman like me could be valuable that i stood a chance there was more out there and told me that i could get over him it was a lazy bandaid where i didn t have to better my character i could just hope,joy,0
i want to feel safe and well and that maybe just maybe theres a small chance my i can feel joy and my dreams can come true,joy,0
i was feeling discouraged and alone,sadness,1
i feel blessed to be on this journey so quickly and honored to help,love,4
i would feel lethargic and have indigestion after eating too much,sadness,1
i feel a bit insulted by that as i am nothing like other women i bloody hate them and their incessant bitching in general over bloody nothing most of the time,anger,3
i feel that one has to be passionate but not tensed,joy,0
i only watch about television shows regularly and even those feel like a time commitment that pulls on me when i just want to be entertained,joy,0
i mention this one doesn t feel fake,sadness,1
i actually feel like i have been beaten up,sadness,1
i started trying without success to have a baby a few years back one of my pregnant acquaintances said to me my husband and i feel so relieved that we did not have to go through what you are going through we just got pregnant right away,joy,0
i feel bore and restless,fear,2
i used to think that men needed their women to like and respect all their friends and family in order to feel respected themselves,joy,0
im feeling hideously guily and somewhat naughty doing this in work time,love,4
i feel wonderful monroe said upon the launch of her company im incorporated,joy,0
i plan to volunteer for red cross helping immigrants and refugees to feel welcomed and accepted in our local community,joy,0
im feeling brave today so here goes,joy,0
im told by horsey people that they are a rare find so i feel quite lucky,joy,0
i needed to feel energetic and confident,joy,0
i am raising funds for the jag foundation jointly achieving growth a charity that i feel extremely passionate about,love,4
i feel so carefree nowwwwww,joy,0
i feel that karma punished me because i don t know the meaning of contentment img src http www,sadness,1
i have always had people in my life who have gone out of their way to put me down trip me up or make me feel as if i were completely moronic or not worthy enough,sadness,1
i feel pathetic encased in stiff and unused limbs my mind plateaus and dreams of beyond,sadness,1
i arrived in anchorage it only took a few hours after spending time with my parents eating at a local favorite joint and then going on a stroll in my parent s my childhood neighborhood to be able to take a big sigh and feel relieved,joy,0
im a bit paranoid about being checked out and having the dorm inspected though just because thats how i always am about these sorts of things and thats making me feel anxious every time i start thinking about cleaning or packing,fear,2
i never know if theres enough light to properly expose the photo and i feel like often i end up with dull images that disappoint,sadness,1
i feel a little sentimental about because i distinctly remember as a child celebrating my parents th birthdays and they seemed so,sadness,1
im feeling generous i am gonna tell you about another cool blogger,love,4
i wondered if that should make me feel cool,joy,0
i was sitting in church this morning and looking around at the various people scattering the pews and wondering how many of them were feeling beaten down right at this moment,sadness,1
i feel totally exhausted and over tired,sadness,1
i feel pretty in transition,joy,0
i love the porn industry and i feel satisfied and fulfilled working in it i have to say that it doesn t really bring in the big bucks,joy,0
i feel about cool newbie leave a note,joy,0
i feel overly burdened by even the smallest responsibility so the large responsibilities that i have recently agreed to are burrowing their way into my brain and tickling my subconscious at all hours,sadness,1
i was listening to belle and sebastian feeling agitated,fear,2
i am sitting here typing this and wondering where i belong feeling distracted feeling comfortable feeling misunderstood and hurt,anger,3
i feel smart yet comfortable in it i feel good when i wear it,joy,0
i also feel that no one in the music school is really being very supportive of me on this,love,4
i was younger all i could think of was to move to a country where i feel accepted where i belong,joy,0
im feeling boring,sadness,1
i am tired of feeling awful,sadness,1
i feel ignored even if that ignoring is something i asked for specifically,sadness,1
i feel about cool newbie leave a note,joy,0
i have no money to sort any of it out and i feel very messy,sadness,1
i feel like i m giving a speech after receiving an award or something but i would like to publicly thank mark for being so supportive,love,4
i can t get past is that feeling when a friend walks out of your life and you re unsure why that feeling of not being valued or important enough,fear,2
i feel like i shouldn t be that amazed with a degree in biology i was blown away,surprise,5
i am currently but i can t even do that right now without feeling indecisive and tied to school and writing and assignments,fear,2
i was feeling strong and dodging international distance runners,joy,0
i have two specialties law and mechanical engineering but to say the truth i like better to utilize my knowledge of psychology and languages rather than engineering and feel sure that these capacities are most needed nowadays,joy,0
i find this meeting a little scolding when anyone with less than five years of sobriety attempts to engage theres a definite feeling in the air that some horrible crime is being committed,sadness,1
i see a family of swans i feel joyful and peaceful and blessed,joy,0
i probably would have bailed at the half way mark when i was feeling quite low physically and mentally,sadness,1
i feel like nothing can stop me and sometimes i feel like so defeated,sadness,1
ive been trying to tell you how i feelbut was never very smart,joy,0
i feel like i am really grouchy and some days i get in moods where i feel like it is me against the world,anger,3
i have to mention that i feel slightly unhappy because i have yet to get back any of my prelim papers maths aside and because of that ive been feeling stuck in limbo for the last weeks because i cant really start studying properly until i get back my papers,sadness,1
im feeling rather disheartened,sadness,1
im not really into bashing gw the hobby or other people so i try hard to focus on subjects that i feel passionate about and want to spend the time to do it right,love,4
i do feel tender,love,4
i am moving on and i feel sorry for you because i thought you were the most amazing boy ever,sadness,1
i would have wasted time and money and i just feel really pressured because i dont want to do that,fear,2
i dunno how else to describe how great i feel i swear ive been giggly all day,joy,0
i begin to feel that every waking moment is devoted to work,love,4
i am starting the menopause constantly suffer with mood swings temper floods of tears unable to sit for long periods and concentrate feel constantly weepy and on edge feel unable to cope with the day to tasks of ordinary life,sadness,1
i ate i could feel a gentle tingle throughout almost as if i was feeling the healing taking place at a cellular level,love,4
i feel weirdly thrilled by that,joy,0
i feel the most glamorous is when i m feeling the most capable the most confident or the most in tune with my own mind,joy,0
i sometimes feel that this is inadequate that my mind too often slips from focusing on god and jumps to my own selfish thoughts and the tasks at hand in the classroom,sadness,1
i feel dont mention food and dont think ur being considerate by noticing my obsession with this and talking to me about,love,4
i was also feeling really pleased that i decided well cajoled bullied and ordered to go out running this evening,joy,0
i feel intimidated to go there again at that time for fear it will happen again,fear,2
i passed out last night at the late hour of and am still feeling a bit groggy this morning,sadness,1
i feel helpless because i cannot stop it,fear,2
i am feeling especially lively,joy,0
i feel guilty to my family my friends who made the introduction for me to that job and somehow i even feel guilty to my boss even though he fooled and lied to me,sadness,1
i feel so overwhelmed im nauseous,fear,2
i was feeling awfully indecisive this morning when i started to think about what i wanted to do to get my heart pumpin,fear,2
i wanted to upgrade the characters i was creating and engage them in battles of a similar setting transformations the raising of energy flashy colors chaotic explosions feelings of desperation when the adversary has you beaten etc,sadness,1
i guess his widow was feeling generous when she packed it up,love,4
i feel like a failure of a parent which add that to the emotional rollercoaster of having to have an unplanned c section and well some days i feel like i have just failed from the beginning,sadness,1
i have seen you fall asleep climbing back into bed before you were even horizontal and now i am awake and my neck is cramped and i am feeling hostile and cheated,anger,3
i was beginning to feel fear nevertheless a stubborn person i am i swept the superstition away but i reminded myself to pay extra caution,anger,3
i have finished college had a couple kids worked through feeling entirely discouraged because of a camera that did not have the functions i wanted then feeling like i just couldnt do a decent job taking pictures i have decided to give it another try,sadness,1
i feel lonely i remember my moms saying,sadness,1
i feel very honoured to be part of our fabulous team,joy,0
i feel honoured that she has chosen to share this with me,joy,0
i think i confuse my feelings of longing with feeling good,love,4
i feel more resolved than ever to persevere with the use of web based technology for learning despite problems mistakes and frustrations,joy,0
i feel pretty virtuous about it actually,joy,0
im feeling selfish enough to start this lovely scarf for myself,anger,3
i came home from work today feeling satisfied that work went alright,joy,0
i dont even know how to describe how i feel its like im sad but i can understand his decision but i cant control myself to not be mad at him,sadness,1
i wake up and i open up my eyes i feel an aching in my heart that s when i realize,sadness,1
i dont care how churchy or cheesy i sound right now its such a truth i feel in my heart that im so convinced its him i cant make this stuff up on my own,joy,0
i am feeling fine today and felt fine yesterday,joy,0
im going to be honest with you i feel distraught,fear,2
i feel humiliated said mohammed hussein a year old factory worker,sadness,1
i only feel irritated by it,anger,3
i keep feeling weird sensations img src http s,fear,2
i feel very strongly about supporting hence why we are running the mile,love,4
i felt god telling me this is what makes me feel loved,love,4
i laughed then bitterly again but i wasnt feeling bitter,anger,3
i feel sad today like legitimately bummed out,sadness,1
i must admit to my feelings of positive jealousy at times when i see their success,joy,0
i just feel insecure so what should i do sis,fear,2
i look forward to attending every class and leaving feeling amazing feeling on top of the world,joy,0
i can t help but feel considerate towards others,joy,0
i have been anticipating so i am somewhat surprised uncertain and to some degree annoyed about their presence in my daily experience especially in light of the fact that i have at other times been feeling more joyful and confident in my abilities as a loving human being than ever before,joy,0
i feel like if you get something really cool you could easily turn it into a finished piece but that s kind of up to what you get out of the two hours,joy,0
i always find the way to feel and be impressed,surprise,5
i didn t feel smug as i added the hardships of the last five years and rounded off the sum to a nice even number,joy,0
i reply i do my best to reply to questions but feel free to contact me via twitter isobelmeg xx,joy,0
i am raising funds for the jag foundation jointly achieving growth a charity that i feel extremely passionate about,love,4
i don t want to bury the hatchet with even though it would be in my best interest simply because i feel that apologizing to a person that insulted me would make me feel like a punk,anger,3
i feel that i ll be doomed to long pants and ugly shoes for the rest of my life and i m not even yet,sadness,1
i left with a great feeling of encouragement and rich for having walked alongside africans,joy,0
i have wanted to perhaps convey my feelings of a matter instead of my thoughts and have rejected it because i have thought feelings in the matter irrelevant,sadness,1
i seriously have no feeling when i got rejected in a sense i am neither happy sad or average,sadness,1
i feel like until my brother is completely fine i wont be able to move on with a job or anything,joy,0
i don t know why it is that i feel awkwardly hesitant to return to melbourne,fear,2
i was feeling very nostalgic and very grateful,love,4
i am feeling like i need to add this photo to my if he wasn t rich she wouldn t be with him a title there is no way this man would have this chick if he wasn t rich biggie kevin hart wiz khalifa bu thaim and jay z href http www,joy,0
i feel like that s an acceptable favourite to have and yet nowhere can i see a terpene responsible for its flavour,joy,0
i am not actively seeking gods heart i feel lethargic directionless and slow when it comes to who i see god as and even more so how i think god sees me,sadness,1
i feel more stressed than ever,sadness,1
i feel like this inside theres one thing i wanna know whats so funny bout peace love and understanding,surprise,5
i was already feeling loved for having been asked to be in the bridal party the thank you note made me feel even more so,love,4
i am a recovering umlungu addicted to feeling superior,joy,0
i have been feeling is any indication on this childs personality then i am petrified,fear,2
i believe we ve decided to catch the bus from there to burgos which again feels like a smart compromise for our feet and bodies,joy,0
i feel style of charming creepy macabre drinks the fountain,joy,0
i just feel pathetic holding on when theres obviously nothing for me to hold on to,sadness,1
i feel stressed out i would watch movies alone or just walk on the streets alone,anger,3
i was tempted at first to name one of the many projects that the archdiocese has underway that i feel very passionate about like the restoration of saint patrick s cathedral or the strategic plan for our excellent catholic schools,love,4
i feel like i totally fucked up,anger,3
during the last academic year ie just before the closure,fear,2
im feeling much devastated,sadness,1
i think the most common one that everyone has experienced is that doom and gloom feeling where you just feel like something tragic just happened,sadness,1
i feel rich in it,joy,0
im feeling generous enough to give the rest of my supporters ebooks too,joy,0
i stepped outside of the house feeling glad to be home again,joy,0
i feel reassured that fashion sometimes takes itself not so seriously and i can smile and feel better about the whole deal,joy,0
i could feel that the person was pissed at me because that person didnt understand what i was trying to say and so there was further personal attack again asking me whats my nationality giving me that shit face and blah blah,anger,3
i was a child this song makes me smile because i was brought up the mediterranean because you only love the sea when you feel it in your bones when it makes you frightened and when it surprise you every day somehow so many ways,fear,2
i just feel totally devastated,sadness,1
i was feeling pretty grumpy at this point but for whatever reason seeing this flower made me very happy,anger,3
i feel like this vile thing brooding gnawing deeper in spirit,anger,3
i feel so enraged that i want to punch him but i don t because he s only years old,anger,3
i spend my energy making the world i live in a better place and do everything in my power not to kick people or feel superior to others who dont have the same challenges as myself,joy,0
i am writing feeling appalled,anger,3
i wouldnt have beared witness to the incredibly well spoken bouncer making an emo kid feel completely unwelcome,sadness,1
i m feeling very much relax and calm,joy,0
i really hope im the only blogger they have treat this badly as i still feel super lousy about all and i wouldnt wish this crap on my worst enemy,joy,0
i feel so dumb for being honest,sadness,1
having unwanted attention paid to me in my place of work harrassment and sexual harrassment by another worker disgusted by his implications,anger,3
i do feel that some muslims are generalizing their retaliation and possibly hurting innocent people,joy,0
i feel this helps create rich texture and a touch of mystery to an outfit,joy,0
i feel moronic for a lot of the things i have said to people in the name of progress and i have no new ism to espouse now,sadness,1
i feel like im single handedly supporting the tissue industry at the moment,love,4
i now feel compromised and skeptical of the value of every unit of work i put in,fear,2
i hear your still cool several times a day and it makes me feel so cool,joy,0
i feel like when you re passionate about something it s okay to be vocal about it as well,joy,0
i feel abused and maligned but mostly tired of the nervous feeling anticipating danger,sadness,1
i mean change is great though unless i feel like i am not alone in what i experience with having high functioning autism it s scary to make decisions and to want to work on myself in order to be the person i want to be,sadness,1
i feel that i have contributed in a positive way to seven,joy,0
i feel a bit low,sadness,1
i could definitely feel the effects as my mouth went pleasantly numb and relaxed feeling spread throughout my body,sadness,1
i feel like a tortured artist when i talk to her,fear,2
i feel pathetic because i feel like you never once called me your bestfriend and i just continued to call you my bff and i just get treated like a friend,sadness,1
i taught him what it can look like and how it could make him feel scared confused excited nervous,fear,2
ive lost some weight such that i could fit into a tiny skirt that ive been unable to wear because i didnt feel confident in it until now,joy,0
i feel that this kind of website would be amazing for learning purposes in which it already does provide the viewer with knowledge regarding the history of paris,joy,0
i wake up and decide that i feel like doing something else entirely well then ill just do that instead,joy,0
i should be dead since ive been out of this for a couple of months but i feel the pain every time i go to reach for that empty bottle i just cannot bear to throw out,sadness,1
i have to go straight out after work and need to feel instantly glamorous i will usually wear a pair of our nw skinnies with a pair of high high shoes,joy,0
i want to be extremely amp feel successful again,joy,0
i feel incredibly vain and stupid admitting to that,sadness,1
i feel like a snob but i ve been a bit skeptical of it from the start because i have no idea who kenny werner is and neither does thomas a musician who gave me the book,fear,2
i really feel deprived,sadness,1
i needed a plan on how to get rid of that feeling it was totally taking over everything i am totally distracted at work with everything i m trying to do in any free time i have in the evenings the projects are taking over my life and the fact that i totally feel burnt out by it all,anger,3
i love the smell it makes me feel invigorated and fresh and happy,joy,0
i look hot i get leers that make me feel like i might get assaulted,fear,2
i feel good about the choices i made in terms of our readings,joy,0
i wonder sometimes how it must feel to be rich,joy,0
i feel so empty while i m turning your corpse inside out like something broken never actually alive but now you re ended one more for my collection,sadness,1
i feel so rotten that i need to tell myself all this is just a passing cloud that ill be laughing at years from now,sadness,1
i feel unwelcome in my own country,sadness,1
i was snapping at everybody and feeling very grumpy in general,anger,3
im feeling artistic today,joy,0
i lost my special mind but don t worry i m still sane i just wanted you to feel what i felt while reading this book i don t know how many times it was said that sam was special but i can guarantee you it was many more times than what i used in that paragraph did i tell you she was special,joy,0
im just feeling very delicate today,love,4
i also have learned that feelings cant hurt me unless i hold on to them,sadness,1
i always feel glamorous wearing a flowing gucci number no matter what kind of day,joy,0
i felt myself melting away again but this time it was a happy feeling not a scared one,fear,2
i am not hausa but i feel offended especially as the crazy motorcyclist who is now getting up from the ground like nothing happened bears no resemblance to anyone from the north,anger,3
i feel that there is something valuable about herzog s study particularly as it relates to the idea of art and media influencing society and culture,joy,0
i know how you feel i m sorry you feel like that,sadness,1
im starting to feel a dull pain at the front of my head between my eyes,sadness,1
i have been working hard to shake these feelings because being popular or a genre novel or non literary fiction does not make a book any less legitimate or any less something to read and enjoy and analyze,joy,0
i cant escape the tears of sadness and just true grief i feel at the loss of my sweet friend and sister,love,4
i feel inspired to make some of the christmas presents im giving away,joy,0
i started today feeling not terrible,sadness,1
i had then these were truly terrifying and still feel shaken and uneasy because of them,fear,2
i should have known better if you are traveling with the military and you feel satisfied there is definitely something wrong,joy,0
i feel thankful that each and everyday he burns in me this way letting me know that in the darkness of the life i have once led under my parents he has risen to show me that i did nothing wrong,joy,0
i intend to have them develop feelings for one another albeit with riku being stubborn about it as opposed to an open book due to plot ish issues,anger,3
i feel so pretty and glamorous,joy,0
i feel suspicious of wrinkle prevention beauty products for some reason,fear,2
i feel we forget just how fearless we truly are,joy,0
i had coped for barely twenty four hours before i was feeling wrung out and distraught,fear,2
i accepted his apology because i feel like he s remorseful for how he treated me,sadness,1
i feel like i ve always been jaded towards the classic movies but then when i actually sit down to watch them casablanca the great escape etc,sadness,1
i feel more relaxed improvising in front of a group of other dancers as opposed to myself,joy,0
i spontaneously come up with a new tune or when i am taking a solo and feel myself in that creative flow just going for it not knowing what i am going to play next and surprising myself he answers indisputably,joy,0
i feel acclimated like i am finally a part of this organization rather than a timid observer,fear,2
i was feeling quite broke,sadness,1
im starting to feel overwhelmed again when it comes to the research for this book,fear,2
i feel offended that youre offended way but in the oh crap there i go offending people again way,anger,3
i pray that i may feel sure that there is nothing that god cannot accomplish in changing my life,joy,0
i feel energetic so we are going to take a hike,joy,0
i personally feel is a massively talented actor is chris evans captain america,joy,0
im feeling insecure and sad because i dont know what to do with my book,fear,2
im feeling inspired to just wait for the movie,joy,0
i feel super weak and i havent made it through a whole class in two weeks,joy,0
ive done so much reading but i feel like im being paranoid by doing all this extra stuff since no one seems to,fear,2
i feel like all this allergen free cooking is making me way better prepared for christmas because now i have recipes that will accommodate all my family s restrictions,joy,0
i feel like we broke the mold at least to some degree when it comes to the stereotype of sibling rivalry,sadness,1
i guess i m feeling a bit nostalgic,love,4
watching a violent movie,anger,3
i wake up feeling triumphant,joy,0
i cant wait till the summer when we feel somewhat carefree once again,joy,0
i feel heartbroken when he tells me that he feels that i dont love him when i really do love him,sadness,1
i used to feel devastated when someone criticized what i did,sadness,1
i begin to feel that every waking moment is devoted to work,love,4
i feel weepy and that makes me want to avoid people so i dont freak them out,sadness,1
i believe we ve decided to catch the bus from there to burgos which again feels like a smart compromise for our feet and bodies,joy,0
i asked feeling smug,joy,0
ill just say it i feel horrible about my body,sadness,1
i want the girl i love to feel loved and be loved,love,4
i always feel kinda sad for them when the authority figures eventually show up on the scene and squeeze all of the risky fun out of their play time,sadness,1
i feel a bit surprised that motion capture films dont seem to me to have the visual richness and detail that full cgi films have,surprise,5
i got a sick feeling in my stomach i just did a blog post on my cute laundry room now my dryers going out,joy,0
i have the satisfaction of feeling that i m no longer supporting or contributing to the looter driven consumerism that has made a walking corpse out of the america i so revered when i was younger,love,4
i want to just drown myself in the excitement and hype of the inauguration i still feel very troubled about where both america and the world are right now,sadness,1
i feel less than and isolated,sadness,1
i would like to reduce the amount of jealousy i feel god commands us not to be jealous and i feel that every jew religious or not should obey that prohibition,anger,3
i realized that i struggle with feeling joyful,joy,0
i feel completely groggy this morning,sadness,1
i dont write because i feel i have superior will power that has enabled me to abstain throughout the years,joy,0
i want to make is this final one when we feel abused at these writers faking it we rupture the reader writer relationship,sadness,1
i have spent the last few weeks feeling sort of uncertain if you will,fear,2
i feel like the supportive wife who does whatever he says and sits at home waiting for him to call with a plan of action,love,4
i feel far too distracted to actually write anything of substance,anger,3
i feel too overwhelmed to clean anything so i just let it all pile up until it makes my whole life feel like it is going to come crashing down around me and i am helpless to stop it,surprise,5
i know its been months but i still feel envious of my friends who are having their school holidays,anger,3
i feel like i m always the one getting punished for stupid things and i feel like i m being chastised for behaving,sadness,1
i feel sorry for my subjects and tend to let go too soon,sadness,1
i think it makes the marathon feel more worthwhile,joy,0
i am feeling much more myself again now and i would like to say thank you to everyone for the lovely get well wishes your lovely comments always mean so much to me,love,4
i feel i know myself well enough to know what i will or will not do can or can not do what can be tolerated or not,joy,0
i just feel sooooooooooo fucked up at this moment,anger,3
i feel incredibly loved and i know baby cap does too,love,4
i feel lucky simply to have known him and had him in my life and proud to have had him as my dad,joy,0
i could quote you a recent poll showing of young american muslim men feel suicide bombings are acceptable in defense of islam so apparently things like dont kill are not universally shared moral values,joy,0
i said you are not focused with me and when you are not focused with me i feel unimportant,sadness,1
i have said in previous posts i always feel so elegant wearing an azul creation,joy,0
i love it when i feel hot and beautiful and sexy,love,4
im not scared at all anymore im fine i feel terrific about the surgery,joy,0
i want to take a shower without feeling like i was beaten with a baseball bat,sadness,1
i had to sacrifice my comfort so he wont feel unwelcome,sadness,1
i was just reporting to a dear soul that the energies feel strange today and wondered if somethings up,fear,2
i are feeling horny and decide to give a double header long wet sloppy blowjob,love,4
i feel as if my husband s life is valued and the duty of care towards him is taken seriously,joy,0
i feel honoured to have this opportunity and look forward to the future and how our lives will develop,joy,0
i have a feeling im going to be heartless,anger,3
i need to get a job but due to my very silly head i dont really know what i feel passionate about anymore nor do i know what drives me,love,4
i was feeling rather smug about being a black toenail virgin despite having run for a little over years now,joy,0
i was cut into feeling pain that shocked me,surprise,5
i feel the nearness of my beloved grandpa bishop hi grandpa,joy,0
i have every right to feel outraged that their legacy may be in danger,anger,3
i kept crying or feeling cranky,anger,3
i got on and was nervous feeling very timid and shy but after a while we were talking like weve known each other our whole lives,fear,2
i feel guilty sitting down during this concert because he s working so hard,sadness,1
i want to share my feelings but don t want to feel humiliated,sadness,1
i dont watch a whole lot however when i do i turn off the tv and feel stunned,surprise,5
i guess i do have to give some credit to the douche bags out there though because after all those feelings are what give birth to these lovely words i utter,love,4
i feel subaru stops being that innocent being we were presented to in the beginning and begins to turn into the depressed young man of x who also kicks ass,joy,0
i am still feeling some low energy and effects of stress,sadness,1
i have been feeling particularly lousy these days so i might as well try to cheer myself up by saying yes,sadness,1
i go online and i see a friend talking to another one and is not talking to me i feel ignored i feel unloved,sadness,1
i plan on making another post all about that but ive had some progress and i feel fucking fantastic,joy,0
i have to give notice to those involved that such will be a regular feature until i gain what i feel are sincere and rational responses to my enquiries particularly as i will be notifying shadow ministers of the outcome,joy,0
i do my best but it feels uncomfortable,fear,2
i feel discouraged or even a little sad cause i havet had a long term relationship,sadness,1
i made justin feel pretty miserable last night im sure,sadness,1
i feel disturbed and sad,sadness,1
i throw it out there the better ill feel heck im paranoid up such a tree brach right now i jumped when a chipmunk crossed my path when i went walking today,fear,2
i have played a great set i feel really hesitant to ask,fear,2
i feel disgusted at him and at myself for having been with him and continuing to be something he wants in his life,anger,3
i feel complacent about it all,joy,0
i feel pleasant although im not keen on the hour shift i have ahead of me,joy,0
i feel deer supporting mice parade at the hope rel bookmark permalink,joy,0
i am at work today in my new job still feels really strange tbh but i m sure i ll soon settle in,fear,2
i woke up today feeling pissed off,anger,3
i feel moderately handsome at the minute but as soon as i go out ill look like a twat,joy,0
i go to sleep as soon as my head hits the pillow i sleep deeply all night and i wake up feeling a lot less lethargic then usual,sadness,1
i do feel weird making an exact replica of someone else work,fear,2
i feel very strongly about supporting hence why we are running the mile,love,4
i often feel disappointed in my decisions and who i am and call myself names,sadness,1
i begin feeling dull throbbing pain in my forefoot and after i am done running i have pain in the lateral area of my foot that was once broken,sadness,1
i have been in contact with people who are feeling extremely irritable and experiencing major headaches remotional outbursts,anger,3
i feel like im not pretty enough like my personality is too boring and obnoxious,sadness,1
i feel to it and it benefits from a generous budget for exotic sets and gorgeous matte paintings,love,4
i feel that entertainers as talented as williams become part of our lives,joy,0
i am sure you will feel very unhappy about it too,sadness,1
i feel so dazed a href http twitter,surprise,5
i feel that way but yeah i do have a problem in trusting especially guys,joy,0
my roommates lack of consideration of me,anger,3
i was just ungrateful and selfish for wanting a life or wanting something more or at least feeling valued and respected,joy,0
i feel so virtuous,joy,0
i mostly feel this as a cause of hateful memories of that girl who used to run the everchanging sailormoon gateway who i think is still making a name for herself by being stupid and mean,anger,3
i feel humiliated said mohammed hussein a year old factory worker,sadness,1
i feel welcomed cared for and ready to be pleased,joy,0
i get that feeling of confidence is far more pleasant than some of the alternatives and i certainly am not against someone increasing their confidence but why do you have to feel that first before you take action,joy,0
i would feel terrified for them and enjoy this movie a little better,fear,2
i feel fake and forced where as the need to express myself as a woman seems true and natural but undeveloped,sadness,1
i feel like they would only mask or dull the problems instead of help me work my way through them,sadness,1
i can peruse a few pages before i feel that dull headache building at the base of my skull and by that point i m kicking myself for bringing on a dreaded case of car sickness,sadness,1
im feeling rather inspired yet low i will enjoy my writing and even though i may be writing about morbid things i will find a way to make it interesting to read,joy,0
i also feel that seeing how the body reacts is an important step into changing the behavior,joy,0
i feel that i ll be doomed to long pants and ugly shoes for the rest of my life and i m not even yet,sadness,1
i feel impatient yet i am not fully sure what i am searching for,anger,3
ive done while not writing was had flowers delivered to someone just because brought a meal to a new mom on a day she was feeling overwhelmed and now im stumped trying to remember what has been done,surprise,5
i hold space for these feelings the anger the jealousy sadness and despair the longing i can relate to those feelings but not have them devour me,love,4
im feeling a bit frustrated with myself tonight,anger,3
i never want her to feel the pain of struggle of suffering,sadness,1
im feeling ugly lately,sadness,1
i left feeling slightly dazed confused and disappointed,surprise,5
i feel like if we are longing to hear god hungry to see him and looking for him in our lives he will reveal himself through many and any manner possible,love,4
i was feeling particulary generous today so im giving away packages instead of,joy,0
i feel insulted by this technique which is also proven to be one of the worst for educating because i already read the slide faster than he was able to speak,anger,3
i cant really explain the feeling i get inside when someone is mad at me,anger,3
i am thrilled with the way my skin and hair feel if you are like me you are skeptical,fear,2
i feel like tna missed a trick not keeping the tag team of crimson and amazing red alive,sadness,1
i feel weird this morning,fear,2
i was feeling good until i saw the flop,joy,0
i feel defeated like a lion s prey,sadness,1
i feel like in order to live a compassionate life this is an essential piece of the puzzle for me,love,4
i feel like a blank canvas i have no clue what i am doing right now,sadness,1
i listen to this song i can feel a sorrowful atmosphere,sadness,1
ive missed over a month of training and organised etape prep rides including the etape caledonia and am generally feeling pretty pissed off and depressed about the whole affair so have avoided thinking about it,anger,3
i feel strong confident intelligent and ready to step out into the real world,joy,0
i hate the feeling that i am a pathetic loser that can do nothing right,sadness,1
i already can imagine and feel so excited if im in his shoe,joy,0
i feel more relaxed improvising in front of a group of other dancers as opposed to myself,joy,0
i feel contented staying grounded and take it slow as i build up the little things that comes my way,joy,0
i myself smiling through loving simple dialog child logic explain situation feelings it s funny,surprise,5
i try that i just feel that im being judged by eyes that only see me as a weird and vain bastard who thinks so much of himself,fear,2
i feel like it just doesnt capture the beauty of this lovely polish,love,4
i feel like that when i try to try on relationship traditions that i and the people i care about get damaged,sadness,1
i feel suddenly startled catch my breath and think it could be any day,fear,2
i finally allowed my feelings up and accepted them and myself the internal boundary began to dissolve i began to see how i was projecting my suppressed feelings out and creating a lot of pain in and around me,joy,0
i feel tender and disoriented,love,4
i am however caught by the feeling that i missed out on a lot of interesting conversational banter by reading dead writers write about deader writers,sadness,1
i feel he is sincere and repentant for his past opposition to civil rights,joy,0
im feeling a bit pathetic today i cant stop crying,sadness,1
i have learnt nothing else in the last two years it is that it s best to feel my way by trusting my instincts,joy,0
i feel so unimportant insignificant like im slipping through the gaps between his fingers and he doesnt care,sadness,1
i love winter so maybe i should be happy but i cant i feel gloomy and depressed,sadness,1
i cannot in good conscience encourage my young kids read stuff from someone i feel is so vile no matter how good it is,anger,3
i feel all glad not being with you,joy,0
i list them out i feel pretty lame whining,sadness,1
i dont really feel his presence but im eager to hear news about him,joy,0
im feeling the world spin around me while im in bed only after a couple of glasses of wine which doesnt do this to me im getting suspicious,fear,2
i know not all women feel this way but i have felt very unimportant int the church and almost dare i say second class citizen im not trying to bash the church but i think some women are so thirsty for knowlege about her to reinforce their own place and importance in the world,sadness,1
im feeling homesick for him,sadness,1
i get the feeling that i m doing something naughty,love,4
i feel pretty good about that,joy,0
i feel i wear what i wear to show other girls at my school who are timid when it comes to fashion that you won t look weird if you walk around with your head held high,fear,2
i feel supportive over chinas copyright violations if only for machiavellian reasons,love,4
i feel blessed beyond belief to live in a day amp age when this treatment is available also to have a husband thats footing a very expensive medical bill,joy,0
i am jealous of andreas growing belly and the movements she can already feel i am envious of her state,anger,3
i feel like you didnt really care that alexis did that to me and you were irritated that i was even telling you,anger,3
i am a bit of a romantic so i really feel like we missed out on those things this time but i would not trade the family time we spent together,sadness,1
i wasnt the only one feeling very pleased about it all laurie was beside himself that all the old structures and artefacts were still sitting around untouched in pretty much the same condition as the day the last locomotive went through,joy,0
im feeling angry i think i strop about ruffling the air and inflating my position and exaggerating the issue,anger,3
i honestly feel we did a fantastic job,joy,0
im suddenly feeling lighter less burdened by the weight of my life,sadness,1
i will not consider homeschooling unless i feel we have exhausted every other option if i homeschool it will be temporary and my children will participate in non homeschooling activities as much as possible,sadness,1
i feel threatened by not talking about it,fear,2
i feel like a strange antisocial creature difficult for the cooperation,surprise,5
i squeek at the intimate scenes not once did i feel grossed out or appalled in anyway and not because im a freak but because when you read about these two loving people you forget that theyre brother and sister,anger,3
i feel so frightened i just wanted to document the way i m feeling,fear,2
i don t feel victimized,sadness,1
i checked on you was a long time ago i can say you were happy way back then feeling contented with everyone and everything around you,joy,0
i mentioned above feel free to hit me up about anything,joy,0
i think his uniform and glove make him feel very important too,joy,0
i potter around my one bed flat i feel a little bit more like an unfortunate version of bridget jones,sadness,1
i am feeling is also a blossoming eager anxiety,joy,0
i feel very stunned that people got it in a big way,surprise,5
i feel so unhappy even with it,sadness,1
ill feel even more pressured,fear,2
i stopped feeling mad that the machine stole my money and chose instead to feel grateful that i have clothes to wash in the first place,anger,3
i didn t feel relieved,joy,0
i feel a sense of hope and optimism and i am resolved to allow myself to experience these emotions without regret cynicism guilt or embarrassment,joy,0
ive been honestly self indulgent and rather reckless with my consumption of caffeine cigarettes and junk food which combined with the dangerous ingredient of freezing weather has caused me to feel lethargic fat and unfit,sadness,1
i feel pleased too that i am supporting people with small businesses who work from home buying gifts that have been made with care and talent,joy,0
i was feeling grouchy and the old man has mentioned that retail therapy is great,anger,3
i have succumbed to the dreaded commuter virus and feel altogether a little bit rotten,sadness,1
i start feeling myself getting overwhelmed or frustrated i have tried to open up more about it instead of pushing it down deep slapping on a fake smile and waiting until i boil over,fear,2
i could at least count it i didnt feel as frantic while the group followed the bird as it moved north through the trees,fear,2
i am feeling foolish for taking lb to the e,sadness,1
i naturally didn t know any fightstar songs they were catchy enough that i could feel like i knew what was going on and they were quite lively and they preformed fantastically well,joy,0
i even remember trying them on last year and feeling crappy because i was nowhere near closing them,sadness,1
im thinking of locking myself in my house until i manage to get it all organized but i have a feeling i may become as cranky and isolated as this dear friend a href http,anger,3
i save recipes to springpad and when im feeling adventurous i might try something new,joy,0
i feel like a low life mooching off everyone,sadness,1
i have to admit to feeling pretty envious of the commuters there a south african summer has got to be a tad more reliable than a british one,anger,3
i feel our relationship is more divine and informal,joy,0
i feel very socially anxious around these ladies,fear,2
im not much of a people watcher or a voyeur so i feel kinda weird when walking around taking street shots,fear,2
i am feeling more in control more comfortable adjusting to all terrain and more able to push myself each run,joy,0
i feel weird this morning,fear,2
i am merely a man who will feel humiliated whenever i am intimidated by you,sadness,1
i feel so vulnerable and yet so protective over her,fear,2
i feel more resolved and less like smoking my lungs today are obviously not very happy with me,joy,0
i sat on the plane home feeling more positive and certain about what i want to do than i have in a long time,joy,0
im sinking back into feeling rejected and also wondering what i could have done differently,sadness,1
i feel like my bones broke but when i stood up i can still walk,sadness,1
i was feeling pretty low and despite it being the wettest summer i can rec,sadness,1
i know i did and im still feeling the effects of rich dinners and sweet treats,joy,0
i never feel fucked the week after i used some i feel great acctually thinking of the wonderfull time i had the weekend before img src http israel,anger,3
im sitting outside my apartment and even though there is a striking pain in my lower back i feel complacent,joy,0
i came out freaked on the brink of tears feeling angry confused ridiculous small,anger,3
i feel like we tortured him that whole time,fear,2
i honestly feel at heart we should be faithful to each other if its yo girl,joy,0
i honestly never expected to feel so vulnerable,fear,2
i can say that once again after the test drive we left feeling impressed by the cx and with steve and adams assistance,surprise,5
i dunno i just feel that i started this blog a little shaky as i wasnt really sure about what sort of audience i was addressing or anything,fear,2
i usually take on to more protein when i start to feel lethargic,sadness,1
i feel like i am really grouchy and some days i get in moods where i feel like it is me against the world,anger,3
i feel so respected and seen,joy,0
i feel a lot of positive intention behind it,joy,0
i would feel lucky to call any of the materials and kits on your site mine they are just beautifully curated,joy,0
i feel hateful of everything suddenly,anger,3
i can drop a great deal of paratroopers on the table at once should i feel the need to do so or conduct other useful air missions,joy,0
i feel it was perfect as a jumping off point for what is to come,joy,0
i feel a little like a traitor to my beloved oppies but that said these clothes might just pay off a big chunk of my remaining debt and we all know that money is more important than ethics right,joy,0
i feel so amazed seeing chiangmai,surprise,5
i forgot to take my meds this morning and i am predictably feeling irritable but less predictably i have been sitting here all day thinking ima kill a bitch if i dont get my hands on a chocolate cupcake,anger,3
i know that sounds really recycled and generic but its actually how i feel i love to sing and would more than love to make a living doing that but im going to school because i know that its not in the cards for all the talented people in the world to make it in the music business,joy,0
i was left feeling slightly intimidated and overwhelmed,fear,2
i was feeling pressured but it looked awful to have my make up on and my dark wig and then my eye brows look so light,fear,2
i am feeling a little uncertain as i am waiting to hear from my land lady to confirm a date and receive my contract,fear,2
i want my audiences to go away feeling that they were entertained he said,joy,0
i am less sensitive and my feelings are less easily hurt,sadness,1
ive lived my life trying so hard to be accepted and to feel loved,love,4
im getting the feeling that my classes are a little intimidated by the concept of a lit,fear,2
i was actually going from point a to point b but it didn t feel casual like every other night when i was just pretending,joy,0
i actually feel frightened of people here right now,fear,2
i feel assured that foods that are grown organic free from pesticides in soil and water that aren t contaminated that s good for us,joy,0
i wonder what life is like for other people people who can love and be loved who can have sex and enjoy the experience who can feel happiness who get to feel accepted and wanted and needed,joy,0
i suffer from very low confidence and im always looking for ways to come across more confident and feel more outgoing in myself,joy,0
i feel nothing just empty until the nothing becomes something just a deep ache longing to be filled,sadness,1
i spent the rest of the morning feeling discouraged and disappointed,sadness,1
i said i wanted to give you a little sample of the writing i denied you then but i m feeling a little more generous today i suppose because i just have to share one little taste,joy,0
ive been thinking about that this morning and realizing that my ordinary life is starting to feel dull,sadness,1
i never knew these feelings entertained by anyone that they did not however unknown to himself tinge the language of the person who imbibed them and thereby produce incalculable mischief,joy,0
id love to hear your thoughts and comments so please feel free to leave me something below and have a wonderful weekend,joy,0
i write now it feels like furious abandonment to embrace a cliche,anger,3
i have a feeling they were delicious,joy,0
i am not feeling fearful,fear,2
i feel vain,sadness,1
i feel your gentle stare and feel your love,love,4
i feel very satisfied to have gone through this challenge,joy,0
i got the feeling brig is sincere and has a very strong desire to help others become successful both financially and also through building strengthening relationships through christianity,joy,0
i also feels at times that i am somewhat socially isolated,sadness,1
i feel that thursday was the important first step that is needed towards helping e get better with her eating,joy,0
i feel pretty honored to be around some really great moms and women,joy,0
i keep feeling pleasantly surprised at his supportiveness and also his ease in new situations,surprise,5
i was still feeling strong,joy,0
i read the sentinel article on hanford city councilman dan chins proposed media policy and the secret committee meetings my feelings could be summed up in a single word alarmed,fear,2
i feel it is important to spend more time on my family and to embark on new endeavors in my educational career,joy,0
i finished it feeling amazing,joy,0
i feel so clever to have done that,joy,0
i guess i made her feel unwelcome though i honestly didnt mean to,sadness,1
i feel overwhelmed and humbled but i am alive to keep slugging and i m grateful for the chance,surprise,5
ive spent years feeling resentful and trying to curb that feeling of resentment,anger,3
i feel the pain but with my family and friends support make it sure that no negative thoughts overtake me,joy,0
i feel like we had a wonderful summer and know now that school has started the year will fly by,joy,0
i remember feeling another cramp but i also ignored it,sadness,1
i came to review however im not entirely sure what it is that leaves me feeling somewhat dissatisfied and a bit brassed off that more didnt happen,anger,3
i feel guilty for complaining about my life knowing that there are people out there who have it much worse than i do,sadness,1
i will try not to feel rushed along with others or busy myself with this or that,anger,3
i feel its gonna be months after days ever since you broke up with me,sadness,1
i always feel a little weird writing about a guy ive dated because i dont want to do them an injustice or have them come across in a negative way,surprise,5
i email or try to communicate in any capacity even if it s to go tell me to go pound sand feeling respected and loved is something that doesn t happen a whole lot in my life right now,joy,0
i had a sudden feeling of missed opportunity here i could have asked how their evening was going,sadness,1
i got up feeling all lively since the sun is extra bright today,joy,0
i havent felt like posting in such a long time but i feel more sociable now,joy,0
i feel we need a little romantic boost in the relationship,love,4
i am hoping the weatherman is right with his forecast of stay at home dont venture out rain for tomorrow i am feeling all kind of creative,joy,0
i am feeling jaded,sadness,1
i didn t want to feel the disappointment that i was sure to come by getting no more traffic and recognition than before,joy,0
im feeling quite cold actually,anger,3
i mention that im feeling cranky,anger,3
i feel that it is my duty to athf and their devoted fan base to show my support,love,4
i am so very tired and feeling overwhelmed with my everyday responsibilities which brings me to the point of this post,fear,2
i was feeling strange downstairs i could still feel the dull sensation of the contractions but the nurse said she didnt want to check me for about an hour,surprise,5
i remember feeling terrified around plants back when i was a kid,fear,2
i can feel them cool but seldom empty pale with,joy,0
im feeling somewhat indecisive about what to do in terms of an alliance,fear,2
i vow to be gasp nicer to everyone not just a select few marybeth and isabella lol i will say what i feel and not cover up something sweet with something shitty,love,4
i feel truly delighted doing had already changed in such a short period of time,joy,0
i enjoyed the feeling of belonging and the sense that i was recognised and somehow valuable,joy,0
i feel increasingly passionate about,love,4
my cat died from an illness it had been with us for years it was a lovely cat it had been ill for one or two weeks and the veterinary surgeon had told us that it was dying,sadness,1
i hope its super high and that hes feeling proud of himself,joy,0
i were dating myself right now i d be telling my girlfriends that i feel ignored unloved under appreciated and like i m not a priority,sadness,1
im not going to lie i feel a little insulted,anger,3
i feel honored or insulted,joy,0
i feel i hate him like i have never ever hated anyone like that but i cant stop looking at his existing symbol,anger,3
i feel a bit naughty too for making it all public but then i remembered when i was made to feel like shit and had my confidence stripped,love,4
i feel longing in myself or see it in others it rises up as a need that will never be quenched a desire never to be extinguished,love,4
i started to feel homesick for the first time in my life even though i had lived abroad before for years,sadness,1
i cant explain how proud of him i am and the feeling of seeing him so determined each time to win,joy,0
i love and hug on him and try to make him feel valued so he can grow up a secure man in a world that is constantly shifting,joy,0
i feel innocent and free again,joy,0
ive lived my life trying so hard to be accepted and to feel loved,love,4
i feel drops of sweat break out on my forehead and i contemplate doing anything taking anything taking everything to cool the reactor,joy,0
i think it makes me feel like the heir to an incredibly rich and diverse legacy of stories and experiences,joy,0
i was hoping by then i would feel ok,joy,0
i normally associate with a tough workout moving from side to side in bed has become more of an effort my sleep is pretty interrupted and uncomfortable in general although much better with the aid of a benadryl and there are times when i feel like i could never be energetic again,joy,0
i feel it is my obligation to make sure that you understand exactly who i am and what i believe and where i am coming from,joy,0
i hope no one feels im ungrateful because thats not the case,sadness,1
i feel free really better a href http,joy,0
i guess im feeling a bit vulnerable and looking for some input tonight,fear,2
i am feeling horny so i ask her that lets go home,love,4
i feel invigorated and ready to go,joy,0
i feel as though i don t write about them often enough but they are just cruising through life in their own equally special ways,joy,0
i struggled with feelings of guilt as i took very gentle care of myself during my recovery and sometimes even now,love,4
i have been working hard to shake these feelings because being popular or a genre novel or non literary fiction does not make a book any less legitimate or any less something to read and enjoy and analyze,joy,0
i was sipping my diet coke watching my the swimming lessons and feeling aggravated that my mousekins were not being better listeners the thought crossed my mind,anger,3
i may feel stress unhappy,sadness,1
i do feel a bit fearful that he might be feeling stressed to be drinking so much,fear,2
im getting the feeling that my classes are a little intimidated by the concept of a lit,fear,2
i did feel sympathy for him and liked him more by the end of the story however i dont feel that enough time was spent on his turn around,love,4
i am feeling some divine intervention at work here,joy,0
i feel privileged to be invited in and am treating her hoard with care,joy,0
i understand that students must pass the mcas and fulfill other tasks but as idealized in freedom writers students will respond better learn and understand faster if they feel respected and valued and if they are excited about their education,joy,0
i feel empty inside iphone wallpaper mobile wallpaper to your wap folder img src http images,sadness,1
im zooming right through the second trimester and i feel fantastic just as i did with trinity,joy,0
i told dh i was feeling internally shaky,fear,2
i feel weepy a lot,sadness,1
i feel alone so marginalized by my wacky core beliefs that are shared by a tiny percentage of the u,sadness,1
i eat biscuits crisps and ice cream all day yeah it tastes great but it makes me feel so groggy the following day take more photos,sadness,1
i feel like i am regaining the energy i need for school and am excited for the possibilities,joy,0
i think about the woman in the congregation who cried as she spoke about the family trying to find a church where her homosexual daughter would feel accepted,love,4
i feel lucky that i have an awesome life and family even though i belong to a middle class,joy,0
i dont know what it is but i have been feeling less paranoid,fear,2
i love you all d pagetitle superman mereka penyeri my life without them i feel like blank sheet of paper,sadness,1
i just feel really emotionally drained,sadness,1
i feel convinced that i am on the brink of something amazing,joy,0
i feel strong style color black line height,joy,0
ive been thinking about how to maximize its potential you know to make this wee apartment into a spacious feeling and glamorous flat,joy,0
i bought a pretty dress and a pair of pretty sandals and am looking forward to feeling pretty,joy,0
i feel like i m in a frantic race with the clock and i can t figure out why,fear,2
i am left feeling happy about having the time to rest and take care of me but at the same time this huge sense of guilt builds up inside of me for not having respected our date for being an unreliable teacher a selfish friend,joy,0
i feel sorry for the rest of us in second life who understand that without more support for first time users our world will continue on its slow death spiral,sadness,1
im feeling frantic because ive had no sleep,fear,2
i feel kind of dumb for saying this but i was just upset at how much strength i lost during the last few months,sadness,1
i feel thankful that each and everyday he burns in me this way letting me know that in the darkness of the life i have once led under my parents he has risen to show me that i did nothing wrong,joy,0
i really feel quite honoured to represent my country,joy,0
ive been coughing for the past few days now and my stomach muscles are definitely feeling rather tender the sore throat is a new development as is the runny nose,love,4
i feel like a failure of a parent which add that to the emotional rollercoaster of having to have an unplanned c section and well some days i feel like i have just failed from the beginning,sadness,1
i suppose we had these moments of feeling vulnerable together and we laughed a lot and i felt very alive,fear,2
i didn t mean to sound as though i feel offended i meant it as a joke guess people didn t get it haha,anger,3
i have been trying to come to terms with my own emotionally damaged thinking but now i almost feel convinced that my thoughts are full of validity,joy,0
i cant help feeling like specifically my weight loss plight however successful is boring,joy,0
i plan to share my everyday life stories traveling adventures inspirations and handmade creations with you and hope you will also feel inspired,joy,0
i definitely recommend this for anyone who is feeling depressed or anxious,sadness,1
i feel i m being truthful,joy,0
i feel a mad connection with your body and this is how i decided to kick off side a,anger,3
i feel frustrated that its not easier other days i remember that the blessing of research learning trial and error hard won success and patience will give me a far better garden in the long run,anger,3
i do love the inverted suspension though its the only one that makes me feel graceful and elegant and sexy,joy,0
i feel kind of insecure here anyways back to doha,fear,2
i am feeling needy needing you so needing your love by the grove,sadness,1
i was feeling discouraged at this point,sadness,1
i dont know why but i feel emotionally assaulted by this fact,fear,2
i was already feeling kind of frantic and upset because im spending another year in that god forsaken school,fear,2
i don t feel that he is supportive or encouraging to me,love,4
i feel really comfortable in them,joy,0
i feel free exhilarated,joy,0
i feel heartbroken and sad,sadness,1
i feel violent and crazy and i feel myself slowly losing patience,anger,3
i didn t really know many other ill people but nowadays i do and i m so glad that i do knowing other people in a similar position people who truly get how you feel is a wonderful thing,joy,0
i do love air at alton towers though i feel like im flying its a lovely free feeling though to be fair if any bird flew as fast randomly and upside as that rollercoaster i think it would end up beak first into the nearest tree,love,4
i tell people it feels like i am trying to convince people i am innocent but no one believes me,joy,0
i do remember the feel of the book and being incredibly impressed with it and knowing that ill have to read it again,surprise,5
i feel so appreciative to have my life to live,joy,0
i feel helpless and hopeless because i feel like i am not in control over my own life even though in all actuality i totally am,sadness,1
i didn t really know many other ill people but nowadays i do and i m so glad that i do knowing other people in a similar position people who truly get how you feel is a wonderful thing,joy,0
i have been feeling restless and not quite grounded,fear,2
i mean i have a lot of love to give and i feel most myself when i am giving and loving,love,4
i cant even tell you how refreshed i feel exhausted,sadness,1
i cant describe how im feeling without giving it away but in a way im feeling a bit heartbroken but definitely touched,sadness,1
i got a feeling that they were trying to create a nostalgic atmosphere but it didnt work for me,love,4
i feel crappy so i don t run which makes me feel more crappy and so on and so on,sadness,1
i was a feeling a bit low a few weeks back and i just focused on all the things that werent right in my life at the moment the requests that i had made that hadnt been granted,sadness,1
i need some to hold me to hug me like they love me really love me to be there in quiet to just sit to be there just to stop me doing something stupid it cant be my parents cos i know id just run i cant run from other people i feel rude,anger,3
when junior doctors returned to work after bunking them,anger,3
i can understand that the people here are not nice to them and that they feel isolated and alone and think this life is just not worth it anymore,sadness,1
i have read and experienced going vegetarian to vegan from a meat eater how the toxins leave your body and make you feel irritable and grumpy,anger,3
i feel angry im happy,anger,3
i feel talented i feel amazing,joy,0
i feel that your prince charming will come through sooner than you expected,joy,0
i feel annoyed at the fact that i m three weeks out of chemotherapy and i m getting annoying pinching niggles in my back,anger,3
i feel more sociable these days,joy,0
im going to putter on the computer till i feel less violent and down,anger,3
i want to be in the future years some of you made me feel amazing and some of you are the best friends i could ever ask for,joy,0
i feel so nervous for them,fear,2
i suppose most of my writing emerges out of some feeling of emotional urgency so there is usually a sense of darkness,sadness,1
i was feeling like a beluga whale and quite grouchy,anger,3
ive learned in this short journey thus far is i know when my body has had enough of sugar and fast food and junk even though those days are far and few between i start to feel lethargic,sadness,1
i began to feel a bit irritable and antsy,anger,3
i knew then what it was like to feel heartbroken,sadness,1
i feel sorry for albums like the nd law and living things which have four or five fantastic albums to compete against,sadness,1
i honestly feel that im being ignored and left alone,sadness,1
i feel ecstatic just to see you,joy,0
i feel so weird that it feels like i wanna curse everything and bang my head onto the wall so that my world will be back to its focus,fear,2
i feel so honoured and luckily for me i get to post cards,joy,0
i feel virtuous for going to spin class then driving all the way to blackburn in the manual unsupervised and sucessfully handbrake starting,joy,0
i feel like there are people out there on the internet that have issues with my online friends and then expect me to be hateful or mean to them as well,anger,3
i am pleased that only pgce qualified teachers can work here it makes the effort expense to gain mine feel worthwhile,joy,0
i hope you don t run around irrationally killing people when you feel threatened like animals do,fear,2
i have an insane appreciation for simplicity and i feel so much compassionate again but still feel like i have that sarcastic sense of humor,love,4
i think what i m going to do is care less about anything that doesn t matter and won t make me feel successful in life,joy,0
i feel so foolish i admitted,sadness,1
ive been feeling kind of distracted and that is obviously not conducive for working philosophy problems out,anger,3
i feel like i am a little ungrateful but i love my home and sometimes getting away is a great way to remind you how much you love the life you have,sadness,1
i dont think my desire level is too much to bear but i feel unwelcome,sadness,1
i realised something was wrong when i started to feel everyone hated me and was saying things about me and only wanted to talk to me because they pitied me,anger,3
i feel amazing about tonight,joy,0
i didnt smoke in the house or car but i can remember feeling so agitated on the way home from anywhere,anger,3
i feel why i am not strong enough to let their negative thoughts and feeling not effect me,joy,0
i don t like it when i hmmm feel devastated then i try to be driven towards things that are potentially more devastating just so i can forget about that thing that has devastated me first,sadness,1
i am feeling resentful because i am thinking to myself that she should trust me,anger,3
im not sure why i even bothered to open this website let alone this feature but as expected its left me feeling boring poor and,sadness,1
i got a little bit of help from my brother at the beginning and lots of lucks near the end of the game which might make you feel dumb at least it did that to me hahaha and at the end you have to decide nikos and the worlds fate to save niko or to save the world,sadness,1
i feel bedroom rockers and hardcore music buffs will like the smart traditional look and feel to these headphones,joy,0
i would say that when they start they will feel really intimidated by the code and how vast everything is,fear,2
i was feeling homesick and somewhat wondering what i am doing here,sadness,1
im feeling this little one move a lot now and im constantly surprised by his her little kicks,surprise,5
i keep wondering why im hitting walls of grief and loss even while im having fun or feeling excited or enjoying some wonderful friends and pre summer time experiences,joy,0
i got the feeling he wasn t saying this to string me along so much as to have a sympathetic audience to tell his troubles to,love,4
i might be feeling a bit cranky,anger,3
i love and feel passionate about i m living my dream and now that i ve gotten a taste of what that feels like nothing can stop me,love,4
i feel wonderful earley said,joy,0
i shaved some of my head yesterday and i am feeling very keen on such things also it is very good for refrence as far as comics go,joy,0
i feel physically beaten and so very exhausted,sadness,1
i try to work but i cant concentrate me on something else than you and i log in my private journal to share my feelings my love with my faithful compagnon journal,love,4
i feel lost and discombobulated i lose the drive to write,sadness,1
i was feeling grouchy and all,anger,3
i will close my eyes and recite the following mantra every day and whenever i m feeling unsure frustrated or shiftless with my progress towards my top body,fear,2
i cant change how he feels find the positive,joy,0
i questioned myself wondering why didnt i feel jubilant,joy,0
i have wonderful family who are constantly on the lookout for me make phone calls for me do pr for me but i feel helpless and folks i am a doer so i always feel like if i cant help myself then,sadness,1
i actually feel insulted when the plot goes off on a tangent like that,anger,3
i feel blessed to have had years with him and i am thankful for all i learned from him,joy,0
i didn t even feel cranky about it,anger,3
i feel so dumb when at first run through it all seems over my head amp a little too much for my struggling brain,sadness,1
i feel like im the mad hatter rather than alice,anger,3
i feel like the supporting literature cited in this section is not only scarce but also badly presented,love,4
i gotta say that i feel like i was suckered into buying the iphone s because i saw the ads on how cool siri was,joy,0
i cannot stop loving you and it just feels amazing it really fills my heart so let me,joy,0
i may not feel amazing all the time but i am capable of much more than just lighting another cigarette,joy,0
i cant really understand my feeling cause its a mixture between bitter and a sour one which even i dont get,anger,3
i have a headache and feel weepy,sadness,1
i hope my generation will pass on good values and beliefs to the next generation because i feel that is very important,joy,0
i feel glad and enthusiastic about the point of sand snorkeling,joy,0
i have a feeling might have offended one of the dorks sitting in the censorship cubicle of doom,anger,3
i just feel so ugly,sadness,1
i still feel the pressure to make sure they are excited by what santa brings,joy,0
i feel horny i feel horny anyone wanna see me,love,4
i like to listen to it when the weather gets warm though because it makes me feel like i m carefree and at the beach,joy,0
i feel so uncomfortable about the word hero,fear,2
i feel assaulted the new kid whined,fear,2
i have to relate it to how a subject percieves something unsavory or maybe how the meaning or feel of unsavory depends on the way we percieve our subject positions,sadness,1
i woke up feeling alarmed,fear,2
i feel relieved because finally i can move on without a single tear shed,joy,0
i feel gloomy and depressed nothing is more calculated to cast a cloud over us than a rainy day,sadness,1
i feel is hostile kinship or mounting nausea did you know that back means the binding itself,anger,3
i feel stupid about my diamond richie mix up,sadness,1
i feel insulted whenever people say guys cant cry or feel emotional,anger,3
i feel frightened by it all,fear,2
i feel like im worthless,sadness,1
im feeling inspired to just wait for the movie,joy,0
i feel like i need to do something to change this vicious cycle of being good and letting cravings drive me to madness and binging,anger,3
i feel like a proud new mom with all this picture taking of heidi,joy,0
i may attempt a hair coloring session later if i m feeling brave crazy saturday nights over here,joy,0
i remember feeling bowled over and surprised by my own reaction at the tears welling up,surprise,5
i don t try to put my light in where i can i m going to feel fester y and grow bitter and dark,anger,3
i m tryin my level best be a gud pal but i cant help if u dont understad what i feel abt u dats ur problemn i don think carin for sum is a crime img src rte emoticons smile sarcastic,anger,3
i feel like perhaps as soon as i grabbed onto him i should have followed him out and beaten him up,sadness,1
i was feeling eager to press on,joy,0
i am feeling a little lonely,sadness,1
im more comfortable in a relationship because i wont feel as slutty being with one person having the same amount as i would if i were single or not,love,4
i kind of feel like im losing a part of myself as lame as that is to say,sadness,1
i never feel as alone as i do when i bare my soul to some friend because it s then that i best understand the unbreakable barrier,sadness,1
i know other musicians who feel punished for being gone nagged guilt tripped,sadness,1
i felt a little bit of cramping and the same feelings i had been feeling for weeks so was not bothered by it,anger,3
i feel like i am so devoted to so many other things that my time is being split up weirdly,love,4
i feel empty a href http mohdashif,sadness,1
i feel surprised by my reaction because as a younger woman i always thought i would be a darling older woman,surprise,5
im feeling rather cranky and impatient with my little one,anger,3
i still feel it is equally unimportant but in the spirit of a href http blog,sadness,1
i can admit that even though i feel horrible now,sadness,1
i feel deprived of an opportunity to see victoria take the rubies out for the first time,sadness,1
i think too much about how i sit how my voice sounds if i ve gotten any food on my mouth and the feeling that i need to make my way around to everyone so as not to be rude,anger,3
im feeling mentally burdened with many things to get done,sadness,1
i guarantee that if im dizzy or feeling like im going to vomit for months i am not going to be a very pleasant person,joy,0
i feel very listless,sadness,1
i also feel like if google hated seo we d know it,sadness,1
i feel so honored to have been the one chosen to stand on the sidelines of this journey of his cheering him on and watching him excel and grow into one incredible doctor,joy,0
i ain t shot a bitch since this morning so i m feelin a little gun horny,love,4
i felt like talking too but i didn t know what to say to cause any real damage so that at least my cousin didn t feel alone not that he needed me anyway i tell you he could take on a battalion if necessary,sadness,1
i feel this command is useful to check the free space in log file for all databases in over go,joy,0
i do for a living and lately more often than not both me and my wife who s also an ubuntu user have been feeling a bit uncertain about linux being the platform where we want to keep working,fear,2
i love the liz earle moisturizer it does really leave the skin feeling lovely but i think i will purchase the lighter version next time,love,4
i feel absolutely no longing for the patch of dirt which some dead stranger related to me by blood happened to have been birthed on,love,4
i can get away these days with the gag line when i feel like being sarcastic that i feel sorry for anyone who wasn t fortunate enough to be born mexican,anger,3
i could walk at a slow pace browse each booth as long as i wanted and dart in and out of the shops on main street without feeling rushed,anger,3
i just feel like i was foolish ignoring warnings about cell phones,sadness,1
i could feel this depressed since im always known or labelled to be happy blessed and all,sadness,1
i feel like i am ok at least i pray every night that i am,joy,0
i began to feel agitated because i wanted to buy ewan some food and medicine before i left,anger,3
i feel burdened and guilted by the weight of a decision gone bad,sadness,1
i miss the feeling of someone actually caring about what is going on with me and how i am feeling,love,4
i feel fearful and then actually do that one thing it usually turns out to be a good thing,fear,2
i feel beaten up and tired mentally and physically,sadness,1
i would talk to drake because i knew he wouldnt judge my feelings and he would let me gush over how much i liked you,love,4
i was feeling pretty low about that but joan saw my disappointment and lifted my spirit with corinthians,sadness,1
i had a great relationship i feel so blessed to have had such a strong male figure in my life he truly treated me like his princess,love,4
i like her a lot as a person but i cant help feeling less that what she is she has my dream jobs shes more sociable shes a combat trainer,joy,0
i hope to feel a waft of cool air but no luck,joy,0
i would feel better,joy,0
i feel like i love all romantic comedies that sort of have a mixed tone so some of woody allen s work obviously and jim brooks and some of the earl billy wilder films like the apartment,love,4
i feel like i m in a band that broke up without telling me and now i am fighting to keep everyone together even though they want no part in it,sadness,1
i cant believe the moment where i feel the most useful is when im washing the dishes,joy,0
i feel more reassured now,joy,0
i feel very honoured and look forward to my time with this apron,joy,0
i feel a need to suddenly try and change myself to be accepted by,joy,0
i been feeling terrific i was amazed at how my need to binge was abated and i ve lost weight without even trying,joy,0
im feeling rather mellow id like to point out that there are some things that i dont understand,joy,0
i have been praying everyday about it and i just feel more and more convinced that this is what god has called me to so we will see,joy,0
i was feeling wronged and impotent,anger,3
ive never in my life had anyone make me feel as unimportant as insignificant as you did,sadness,1
i feel like i ve impressed a lot of the scientists with my ability to quickly pick up all the skills expected of a tech,surprise,5
for the loss of a close friend or relative,sadness,1
i feel hopeless and bored,sadness,1
i have been fortunate to feel the pain and suffering you have endured,sadness,1
i feel troubled because of the ongoing relocation of our front door,sadness,1
i was lured into the idea of the event with the promise of free champagne you know me and a brilliant talk by bestselling author kathy lette but left feeling genuinely inspired and empowered,joy,0
im feeling pretty good but once at the bus stop i start yawning,joy,0
i feel the less successful pieces were my two front covers as the images i used here were taken from movie stills,joy,0
i was already feeling kind of frantic and upset because im spending another year in that god forsaken school,fear,2
i feel all funny just thinking about it,surprise,5
i am feeling completely useless lately,sadness,1
i feel ok lol,joy,0
i don t feel dissatisfied just distracted from my life,anger,3
i was uptight today over work issues but when i saw him all my tense emotions dissipated coz all i felt at that moment was this warm fuzzy feeling that feeling i get when im laying with him on my bed in a tender embrace and i plant sweet kisses on his cheeks,love,4
i didnt go into with any cardboard goals i feel i have been very successful with how turned out,joy,0
i finished sailing i would feel so invigorated,joy,0
i feel offended by this girl,anger,3
i didnt feel that way with this we got to be with everyone on the dangerous path to freedom,anger,3
i feel that defeated feeling it moves on and i start hearing whisperings of hope and what if s,sadness,1
i also like to listen to jazz whilst painting it makes me feel more artistic and ambitious actually look to the rainbow,joy,0
i could see that when i am angry with my coworker i am also in a moment where i do not trust the other person s intentions i do not feel respected or appreciated by that person,joy,0
i was sitting in the corner stewing in my own muck feeling hated alone unworthy and violated,anger,3
i am i cant help but feel skeptical about the whole thing,fear,2
i can t imagine any reader feels lethargic calm and content after reading it,sadness,1
i just need to find ways to feel pretty,joy,0
i feel that learning more about animals and the amazing things they can do just points to a wondrous creator,joy,0
i feel hated betrayed paranoid childish and hurt,sadness,1
i feel all agitated and moody and wanting wanting wanting,fear,2
i feel charming,joy,0
ive got a feeling that some day it is not only me who is proud of myself but my family will be too,joy,0
i feel after reading allthingsbucks blog which brought tears to my eyes and a lump in my throat and a feeling of not having a worthwhile thing to be upset about that i shouldnt write such a lame blog,joy,0
i could feel his sweet spirit and i was happy to be helping him,joy,0
im all too familiar with as it leaves me feeling lost and off any form of solid ground,sadness,1
i achieved was deepening my realization that i need to plan ahead to feel satisfied and avoid making silly food choices,joy,0
i just want to run somewhere where i feel safe,joy,0
ill talk about the feel of fake products and places i trust to shop,sadness,1
i feel like i should be hated and that everything that has happened to me is what i deserve,anger,3
i left malaysia feeling pleased that i d finished my first full race and excited about what we achieved on sunday at sepang,joy,0
i feel a strong connection with another human being and i want to spend more time with her,joy,0
i was feeling so regretful i didnt get it the other time,sadness,1
i feel somewhat hopeless and pitiful,sadness,1
i feel kind of lame this time around,sadness,1
i wrong to feel so aggravated,anger,3
i feel blessed that i am free to be me,love,4
i want to at least feel more intelligent and i believe becoming a well read person myself will help,joy,0
i had hernia surgery on friday night and i still feel awful even though lots of people said i d be as good as new in a few days so now i feel shitty because i hurt and also shitty because i hurt,sadness,1
i feel so super not old,joy,0
i feel some super shifting some super circles,joy,0
i feel passionate about,love,4
im feeling a little saddened and troubled too sorry for a couple of friends who i wish i could give big hugs to,sadness,1
i got a handle on the story and it actually started to get a feel and shape that i liked,love,4
i would feel helpless feeling of wronged frustrated and misunderstood,fear,2
i feel listless and completely unmotivated to do anything but i will bake some almond poppy seed bread and make a pot of chicken noodle soup in an effort to be less than useless today,sadness,1
i designed the retirement detox course for all those people who are maybe feeling a little disillusioned with retirement and are wondering is this all there is then,sadness,1
ive heard a lot of folks share frustrations with feeling inadequate after seeing so many pictures of perfection in projects and homes through blogs and pinterest etc,sadness,1
i felt joy when i passed the worst phase in my life and discovered how many people considered me important to them,joy,0
i want to say how i want to feel just come out so bitter and angry,anger,3
i don t mean to behave so cut off but i feel so lethargic to utter one single word to anyone,sadness,1
when i learnt that i had been admitted to the university,joy,0
i feel threatened by not talking about it,fear,2
i feel is a lousy diagnostician,sadness,1
on a dark night i felt that there were several people near me and i did not know who they were,fear,2
i wont be so sure to feel optimistic about this either,joy,0
i go to bed feeling triumphant,joy,0
i feel convinced plus so many diverse price tags that i feel sure everyone should come up with the funds to have their plot to be lighted up relatively economically,joy,0
i won t argue with those who are disabled about how the mda telethon makes them feel i wouldn t take away from them the want to be respected,joy,0
i understand that you re feeling anxious,fear,2
i wake up feeling triumphant,joy,0
i feel hated i feel angry i feel very sad i feel like im going to be abandoned i feel angry because i abandoned someone but in reality no one at this age can expect that neither party will be abandoned,anger,3
im feeling a little more hopeful about my future and like matty always says i want my world to get bigger,joy,0
i apologize to anyone who may feel i have been a neglectful slacker mcslackerson,sadness,1
i can totally sympathize with everyone here who doesn t speak native english as i feel like a brain damaged five year old whenever i try to speak japanese for any length of time,sadness,1
i have eaten at many restaurants and feel that we enjoy the cheaper but much more delicious eateries than these more elegant but lacking in spice and flavor places,joy,0
i do find myself feeling anxious seeing what everyone else is doing and feeling that i am not up to part with my peers and or i am stagnate,fear,2
i feel all depressed,sadness,1
i am feeling delicate after hogmanay if that s what you are thinking,love,4
i am quite perplexed by liam i m trying to figure out if he s always been submissive or does he feel he needs to be submissive to mark and johnny,sadness,1
i feel most passionate and artistic and settled into my craft,joy,0
i tend not to shower on those days and feel slightly rebellious getting all stinky and doing nothing,anger,3
i feel super antisocial,joy,0
i am only confirming that i feel what acker felt or recognise at least that rich world she describes,joy,0
